#CALIBRATION,STARTS,20190701,134024972,14168,,,,,,,,,,,,
#CALIBRATION,ENDS,20190701,134033941,23138,unsuccessful,,,,,,,,,,,
#CALIBRATION,STARTS,20190701,134037303,26500,,,,,,,,,,,,
#CALIBRATION,ENDS,20190701,134045671,34867,unsuccessful,,,,,,,,,,,
#CALIBRATION,STARTS,20190701,134049344,38540,,,,,,,,,,,,
#CALIBRATION,ENDS,20190701,134058528,47725,successful,,,,,,,,,,,
#EXPERIMENT,START,20190701,134059856,49052,7/1/2019 1:40:59 PM,,,,,,,,,,,
#VIDEO,STARTS,20190701,134059857,49053,G4Alcatraz,360Video,ERP,4096x2048,10s,29.97fps,QP32,10134k,8bit,H265,,
#VIDEO,ENDS,20190701,134109888,59085,,,,,,,,,,,,
#VIDEO,STARTS,20190701,134112893,62090,G4Alcatraz,360Video,ERP,4096x2048,10s,29.97fps,QP32,10134k,8bit,H265,,
#VIDEO,ENDS,20190701,134122922,72118,,,,,,,,,,,,
#RATING,STARTS,20190701,134123037,72234,,,,,,,,,,,,
#RATING,ENDS,20190701,134124498,73694,3,1.4582086,G4Alcatraz,360Video,ERP,4096x2048,10s,29.97fps,QP32,10134k,8bit,H265
#VIDEO,STARTS,20190701,134124499,73695,G2FormationPace,360Video,ERP,3600x1800,10s,29.97fps,QP32,2494k,8bit,H265,,
#VIDEO,ENDS,20190701,134134528,83724,,,,,,,,,,,,
#VIDEO,STARTS,20190701,134137534,86730,G2FormationPace,360Video,ERP,3600x1800,10s,29.97fps,QP32,2494k,8bit,H265,,
#VIDEO,ENDS,20190701,134147564,96760,,,,,,,,,,,,
#RATING,STARTS,20190701,134147655,96851,,,,,,,,,,,,
#RATING,ENDS,20190701,134149605,98802,2,1.9497413,G2FormationPace,360Video,ERP,3600x1800,10s,29.97fps,QP32,2494k,8bit,H265
#VIDEO,STARTS,20190701,134149606,98802,G2FormationPace,360Video,ERP,6144x3072,10s,29.97fps,QP22,21564k,8bit,H265,,
#VIDEO,ENDS,20190701,134159640,108836,,,,,,,,,,,,
#VIDEO,STARTS,20190701,134202644,111841,G2FormationPace,360Video,ERP,6144x3072,10s,29.97fps,QP22,21564k,8bit,H265,,
#VIDEO,ENDS,20190701,134212674,121871,,,,,,,,,,,,
#RATING,STARTS,20190701,134212919,122116,,,,,,,,,,,,
#RATING,ENDS,20190701,134215035,124231,3,2.1149428,G2FormationPace,360Video,ERP,6144x3072,10s,29.97fps,QP22,21564k,8bit,H265
#VIDEO,STARTS,20190701,134215042,124238,G4Alcatraz,360Video,ERP,7680x3840,10s,29.97fps,QP22,85273k,8bit,H265,,
#VIDEO,ENDS,20190701,134225061,134258,,,,,,,,,,,,
#VIDEO,STARTS,20190701,134228065,137262,G4Alcatraz,360Video,ERP,7680x3840,10s,29.97fps,QP22,85273k,8bit,H265,,
#VIDEO,ENDS,20190701,134238097,147294,,,,,,,,,,,,
#RATING,STARTS,20190701,134238459,147656,,,,,,,,,,,,
#RATING,ENDS,20190701,134240351,149547,5,1.8917428,G4Alcatraz,360Video,ERP,7680x3840,10s,29.97fps,QP22,85273k,8bit,H265
#VIDEO,STARTS,20190701,134240478,149675,G2FormationPace,360Video,ERP,7680x3840,10s,29.97fps,QP22,30206k,8bit,H265,,
#VIDEO,ENDS,20190701,134250495,159692,,,,,,,,,,,,
#VIDEO,STARTS,20190701,134253499,162695,G2FormationPace,360Video,ERP,7680x3840,10s,29.97fps,QP22,30206k,8bit,H265,,
#VIDEO,ENDS,20190701,134303530,172727,,,,,,,,,,,,
#RATING,STARTS,20190701,134303909,173105,,,,,,,,,,,,
#RATING,ENDS,20190701,134307415,176611,4,3.5042135,G2FormationPace,360Video,ERP,7680x3840,10s,29.97fps,QP22,30206k,8bit,H265
#VIDEO,STARTS,20190701,134307416,176613,G2FormationPace,360Video,ERP,3600x1800,10s,29.97fps,QP42,498k,8bit,H265,,
#VIDEO,ENDS,20190701,134317436,186632,,,,,,,,,,,,
#VIDEO,STARTS,20190701,134320441,189637,G2FormationPace,360Video,ERP,3600x1800,10s,29.97fps,QP42,498k,8bit,H265,,
#VIDEO,ENDS,20190701,134330471,199667,,,,,,,,,,,,
#RATING,STARTS,20190701,134330563,199760,,,,,,,,,,,,
#RATING,ENDS,20190701,134332864,202061,1,2.3004466,G2FormationPace,360Video,ERP,3600x1800,10s,29.97fps,QP42,498k,8bit,H265
#VIDEO,STARTS,20190701,134332874,202070,G4Alcatraz,360Video,ERP,6144x3072,10s,29.97fps,crf10,184095k,8bit,H265,,
#VIDEO,ENDS,20190701,134342881,212078,,,,,,,,,,,,
#VIDEO,STARTS,20190701,134345886,215082,G4Alcatraz,360Video,ERP,6144x3072,10s,29.97fps,crf10,184095k,8bit,H265,,
#VIDEO,ENDS,20190701,134355927,225124,,,,,,,,,,,,
#RATING,STARTS,20190701,134356169,225366,,,,,,,,,,,,
#RATING,ENDS,20190701,134358439,227636,4,2.2682051,G4Alcatraz,360Video,ERP,6144x3072,10s,29.97fps,crf10,184095k,8bit,H265
#VIDEO,STARTS,20190701,134358440,227637,G4Alcatraz,360Video,ERP,2048x1024,10s,29.97fps,QP22,11608k,8bit,H265,,
#VIDEO,ENDS,20190701,134408461,237657,,,,,,,,,,,,
#VIDEO,STARTS,20190701,134411465,240661,G4Alcatraz,360Video,ERP,2048x1024,10s,29.97fps,QP22,11608k,8bit,H265,,
#VIDEO,ENDS,20190701,134421507,250703,,,,,,,,,,,,
#RATING,STARTS,20190701,134421543,250740,,,,,,,,,,,,
#RATING,ENDS,20190701,134422610,251807,3,1.0668959,G4Alcatraz,360Video,ERP,2048x1024,10s,29.97fps,QP22,11608k,8bit,H265
#VIDEO,STARTS,20190701,134422611,251808,G4Alcatraz,360Video,ERP,3600x1800,10s,29.97fps,QP22,29210k,8bit,H265,,
#VIDEO,ENDS,20190701,134432611,261808,,,,,,,,,,,,
#VIDEO,STARTS,20190701,134435615,264811,G4Alcatraz,360Video,ERP,3600x1800,10s,29.97fps,QP22,29210k,8bit,H265,,
#VIDEO,ENDS,20190701,134445657,274853,,,,,,,,,,,,
#RATING,STARTS,20190701,134445747,274944,,,,,,,,,,,,
#RATING,ENDS,20190701,134448089,277286,4,2.3411188,G4Alcatraz,360Video,ERP,3600x1800,10s,29.97fps,QP22,29210k,8bit,H265
#VIDEO,STARTS,20190701,134448090,277287,G2FormationPace,360Video,ERP,6144x3072,10s,29.97fps,QP27,10890k,8bit,H265,,
#VIDEO,ENDS,20190701,134458090,287286,,,,,,,,,,,,
#VIDEO,STARTS,20190701,134501094,290290,G2FormationPace,360Video,ERP,6144x3072,10s,29.97fps,QP27,10890k,8bit,H265,,
#VIDEO,ENDS,20190701,134511127,300323,,,,,,,,,,,,
#RATING,STARTS,20190701,134511369,300566,,,,,,,,,,,,
#RATING,ENDS,20190701,134514092,303289,4,2.723037,G2FormationPace,360Video,ERP,6144x3072,10s,29.97fps,QP27,10890k,8bit,H265
#VIDEO,STARTS,20190701,134514094,303290,G2FormationPace,360Video,ERP,6144x3072,10s,29.97fps,QP42,1228k,8bit,H265,,
#VIDEO,ENDS,20190701,134524092,313288,,,,,,,,,,,,
#VIDEO,STARTS,20190701,134527096,316293,G2FormationPace,360Video,ERP,6144x3072,10s,29.97fps,QP42,1228k,8bit,H265,,
#VIDEO,ENDS,20190701,134537128,326324,,,,,,,,,,,,
#RATING,STARTS,20190701,134537378,326574,,,,,,,,,,,,
#RATING,ENDS,20190701,134539012,328209,3,1.6328329,G2FormationPace,360Video,ERP,6144x3072,10s,29.97fps,QP42,1228k,8bit,H265
#VIDEO,STARTS,20190701,134539013,328210,G4Alcatraz,360Video,ERP,3600x1800,10s,29.97fps,QP37,4007k,8bit,H265,,
#VIDEO,ENDS,20190701,134549034,338231,,,,,,,,,,,,
#VIDEO,STARTS,20190701,134552039,341235,G4Alcatraz,360Video,ERP,3600x1800,10s,29.97fps,QP37,4007k,8bit,H265,,
#VIDEO,ENDS,20190701,134602069,351266,,,,,,,,,,,,
#RATING,STARTS,20190701,134602153,351350,,,,,,,,,,,,
#RATING,ENDS,20190701,134603798,352995,2,1.6447065,G4Alcatraz,360Video,ERP,3600x1800,10s,29.97fps,QP37,4007k,8bit,H265
#VIDEO,STARTS,20190701,134603799,352996,G2FormationPace,360Video,ERP,4096x2048,10s,29.97fps,QP27,6091k,8bit,H265,,
#VIDEO,ENDS,20190701,134613800,362997,,,,,,,,,,,,
#VIDEO,STARTS,20190701,134616804,366000,G2FormationPace,360Video,ERP,4096x2048,10s,29.97fps,QP27,6091k,8bit,H265,,
#VIDEO,ENDS,20190701,134626834,376031,,,,,,,,,,,,
#RATING,STARTS,20190701,134626953,376149,,,,,,,,,,,,
#RATING,ENDS,20190701,134629970,379166,3,3.0151595,G2FormationPace,360Video,ERP,4096x2048,10s,29.97fps,QP27,6091k,8bit,H265
#VIDEO,STARTS,20190701,134629971,379167,G2FormationPace,360Video,ERP,2048x1024,10s,29.97fps,crf10,15940k,8bit,H265,,
#VIDEO,ENDS,20190701,134639993,389190,,,,,,,,,,,,
#VIDEO,STARTS,20190701,134642996,392192,G2FormationPace,360Video,ERP,2048x1024,10s,29.97fps,crf10,15940k,8bit,H265,,
#VIDEO,ENDS,20190701,134653037,402233,,,,,,,,,,,,
#RATING,STARTS,20190701,134653076,402273,,,,,,,,,,,,
#RATING,ENDS,20190701,134655146,404343,4,2.0693123,G2FormationPace,360Video,ERP,2048x1024,10s,29.97fps,crf10,15940k,8bit,H265
#VIDEO,STARTS,20190701,134655148,404345,G2FormationPace,360Video,ERP,4096x2048,10s,29.97fps,QP42,616k,8bit,H265,,
#VIDEO,ENDS,20190701,134705179,414375,,,,,,,,,,,,
#VIDEO,STARTS,20190701,134708183,417379,G2FormationPace,360Video,ERP,4096x2048,10s,29.97fps,QP42,616k,8bit,H265,,
#VIDEO,ENDS,20190701,134718203,427400,,,,,,,,,,,,
#RATING,STARTS,20190701,134718313,427510,,,,,,,,,,,,
#RATING,ENDS,20190701,134720558,429754,1,2.2428862,G2FormationPace,360Video,ERP,4096x2048,10s,29.97fps,QP42,616k,8bit,H265
#VIDEO,STARTS,20190701,134720559,429755,G2FormationPace,360Video,ERP,3600x1800,10s,29.97fps,QP22,9834k,8bit,H265,,
#VIDEO,ENDS,20190701,134730581,439778,,,,,,,,,,,,
#VIDEO,STARTS,20190701,134733596,442793,G2FormationPace,360Video,ERP,3600x1800,10s,29.97fps,QP22,9834k,8bit,H265,,
#VIDEO,ENDS,20190701,134743636,452832,,,,,,,,,,,,
#RATING,STARTS,20190701,134743727,452924,,,,,,,,,,,,
#RATING,ENDS,20190701,134745489,454686,5,1.7607726,G2FormationPace,360Video,ERP,3600x1800,10s,29.97fps,QP22,9834k,8bit,H265
#VIDEO,STARTS,20190701,134745490,454687,G2FormationPace,360Video,ERP,2048x1024,10s,29.97fps,QP32,921k,8bit,H265,,
#VIDEO,ENDS,20190701,134755510,464706,,,,,,,,,,,,
#VIDEO,STARTS,20190701,134758517,467713,G2FormationPace,360Video,ERP,2048x1024,10s,29.97fps,QP32,921k,8bit,H265,,
#VIDEO,ENDS,20190701,134808558,477755,,,,,,,,,,,,
#RATING,STARTS,20190701,134808592,477789,,,,,,,,,,,,
#RATING,ENDS,20190701,134811771,480967,3,3.1788356,G2FormationPace,360Video,ERP,2048x1024,10s,29.97fps,QP32,921k,8bit,H265
#VIDEO,STARTS,20190701,134811772,480968,G2FormationPace,360Video,ERP,2048x1024,10s,29.97fps,QP27,1950k,8bit,H265,,
#VIDEO,ENDS,20190701,134821772,490968,,,,,,,,,,,,
#VIDEO,STARTS,20190701,134824776,493973,G2FormationPace,360Video,ERP,2048x1024,10s,29.97fps,QP27,1950k,8bit,H265,,
#VIDEO,ENDS,20190701,134834817,504014,,,,,,,,,,,,
#RATING,STARTS,20190701,134834852,504048,,,,,,,,,,,,
#RATING,ENDS,20190701,134836736,505932,3,1.8822944,G2FormationPace,360Video,ERP,2048x1024,10s,29.97fps,QP27,1950k,8bit,H265
#VIDEO,STARTS,20190701,134836737,505933,G4Alcatraz,360Video,ERP,3600x1800,10s,29.97fps,crf10,82617k,8bit,H265,,
#VIDEO,ENDS,20190701,134846769,515966,,,,,,,,,,,,
#VIDEO,STARTS,20190701,134849774,518971,G4Alcatraz,360Video,ERP,3600x1800,10s,29.97fps,crf10,82617k,8bit,H265,,
#VIDEO,ENDS,20190701,134859793,528990,,,,,,,,,,,,
#RATING,STARTS,20190701,134859884,529081,,,,,,,,,,,,
#RATING,ENDS,20190701,134903902,533098,5,4.0175995,G4Alcatraz,360Video,ERP,3600x1800,10s,29.97fps,crf10,82617k,8bit,H265
#VIDEO,STARTS,20190701,134903903,533099,G2FormationPace,360Video,ERP,2048x1024,10s,29.97fps,QP37,412k,8bit,H265,,
#VIDEO,ENDS,20190701,134913911,543107,,,,,,,,,,,,
#VIDEO,STARTS,20190701,134916916,546113,G2FormationPace,360Video,ERP,2048x1024,10s,29.97fps,QP37,412k,8bit,H265,,
#VIDEO,ENDS,20190701,134926958,556154,,,,,,,,,,,,
#RATING,STARTS,20190701,134926987,556183,,,,,,,,,,,,
#RATING,ENDS,20190701,134929279,558476,1,2.2910238,G2FormationPace,360Video,ERP,2048x1024,10s,29.97fps,QP37,412k,8bit,H265
#VIDEO,STARTS,20190701,134929281,558477,G2FormationPace,360Video,ERP,3600x1800,10s,29.97fps,QP37,1181k,8bit,H265,,
#VIDEO,ENDS,20190701,134939302,568498,,,,,,,,,,,,
#VIDEO,STARTS,20190701,134942305,571501,G2FormationPace,360Video,ERP,3600x1800,10s,29.97fps,QP37,1181k,8bit,H265,,
#VIDEO,ENDS,20190701,134952336,581532,,,,,,,,,,,,
#RATING,STARTS,20190701,134952429,581625,,,,,,,,,,,,
#RATING,ENDS,20190701,134953775,582971,2,1.3456465,G2FormationPace,360Video,ERP,3600x1800,10s,29.97fps,QP37,1181k,8bit,H265
#VIDEO,STARTS,20190701,134954136,583332,G4Alcatraz,360Video,ERP,7680x3840,10s,29.97fps,QP42,5943k,8bit,H265,,
#VIDEO,ENDS,20190701,135004131,593327,,,,,,,,,,,,
#VIDEO,STARTS,20190701,135007136,596332,G4Alcatraz,360Video,ERP,7680x3840,10s,29.97fps,QP42,5943k,8bit,H265,,
#VIDEO,ENDS,20190701,135017178,606374,,,,,,,,,,,,
#RATING,STARTS,20190701,135017538,606735,,,,,,,,,,,,
#RATING,ENDS,20190701,135020147,609344,4,2.607471,G4Alcatraz,360Video,ERP,7680x3840,10s,29.97fps,QP42,5943k,8bit,H265
#VIDEO,STARTS,20190701,135020148,609345,G4Alcatraz,360Video,ERP,4096x2048,10s,29.97fps,QP22,35367k,8bit,H265,,
#VIDEO,ENDS,20190701,135030182,619379,,,,,,,,,,,,
#VIDEO,STARTS,20190701,135033195,622391,G4Alcatraz,360Video,ERP,4096x2048,10s,29.97fps,QP22,35367k,8bit,H265,,
#VIDEO,ENDS,20190701,135043215,632412,,,,,,,,,,,,
#RATING,STARTS,20190701,135043333,632530,,,,,,,,,,,,
#RATING,ENDS,20190701,135046173,635369,5,2.8391035,G4Alcatraz,360Video,ERP,4096x2048,10s,29.97fps,QP22,35367k,8bit,H265
#VIDEO,STARTS,20190701,135046174,635370,G2FormationPace,360Video,ERP,4096x2048,10s,29.97fps,QP37,1454k,8bit,H265,,
#VIDEO,ENDS,20190701,135056161,645358,,,,,,,,,,,,
#VIDEO,STARTS,20190701,135059167,648363,G2FormationPace,360Video,ERP,4096x2048,10s,29.97fps,QP37,1454k,8bit,H265,,
#VIDEO,ENDS,20190701,135109209,658405,,,,,,,,,,,,
#RATING,STARTS,20190701,135109322,658518,,,,,,,,,,,,
#RATING,ENDS,20190701,135112679,661875,2,3.3559369,G2FormationPace,360Video,ERP,4096x2048,10s,29.97fps,QP37,1454k,8bit,H265
#VIDEO,STARTS,20190701,135112681,661877,G2FormationPace,360Video,ERP,4096x2048,10s,29.97fps,QP32,3042k,8bit,H265,,
#VIDEO,ENDS,20190701,135122689,671885,,,,,,,,,,,,
#VIDEO,STARTS,20190701,135125695,674891,G2FormationPace,360Video,ERP,4096x2048,10s,29.97fps,QP32,3042k,8bit,H265,,
#VIDEO,ENDS,20190701,135135726,684923,,,,,,,,,,,,
#RATING,STARTS,20190701,135135832,685029,,,,,,,,,,,,
#RATING,ENDS,20190701,135138179,687375,3,2.3465966,G2FormationPace,360Video,ERP,4096x2048,10s,29.97fps,QP32,3042k,8bit,H265
#VIDEO,STARTS,20190701,135138180,687376,G4Alcatraz,360Video,ERP,3600x1800,10s,29.97fps,QP32,8356k,8bit,H265,,
#VIDEO,ENDS,20190701,135148181,697378,,,,,,,,,,,,
#VIDEO,STARTS,20190701,135151194,700390,G4Alcatraz,360Video,ERP,3600x1800,10s,29.97fps,QP32,8356k,8bit,H265,,
#VIDEO,ENDS,20190701,135201237,710433,,,,,,,,,,,,
#RATING,STARTS,20190701,135201334,710530,,,,,,,,,,,,
#RATING,ENDS,20190701,135203268,712464,3,1.9328831,G4Alcatraz,360Video,ERP,3600x1800,10s,29.97fps,QP32,8356k,8bit,H265
#VIDEO,STARTS,20190701,135203269,712465,G2FormationPace,360Video,ERP,3600x1800,10s,29.97fps,crf10,40026k,8bit,H265,,
#VIDEO,ENDS,20190701,135213289,722485,,,,,,,,,,,,
#VIDEO,STARTS,20190701,135216295,725492,G2FormationPace,360Video,ERP,3600x1800,10s,29.97fps,crf10,40026k,8bit,H265,,
#VIDEO,ENDS,20190701,135226324,735521,,,,,,,,,,,,
#RATING,STARTS,20190701,135226420,735617,,,,,,,,,,,,
#RATING,ENDS,20190701,135228455,737651,5,2.0331039,G2FormationPace,360Video,ERP,3600x1800,10s,29.97fps,crf10,40026k,8bit,H265
#VIDEO,STARTS,20190701,135228456,737652,G4Alcatraz,360Video,ERP,6144x3072,10s,29.97fps,QP42,4179k,8bit,H265,,
#VIDEO,ENDS,20190701,135238465,747661,,,,,,,,,,,,
#VIDEO,STARTS,20190701,135241471,750667,G4Alcatraz,360Video,ERP,6144x3072,10s,29.97fps,QP42,4179k,8bit,H265,,
#VIDEO,ENDS,20190701,135251490,760686,,,,,,,,,,,,
#RATING,STARTS,20190701,135251722,760918,,,,,,,,,,,,
#RATING,ENDS,20190701,135255967,765163,3,4.2442706,G4Alcatraz,360Video,ERP,6144x3072,10s,29.97fps,QP42,4179k,8bit,H265
#VIDEO,STARTS,20190701,135255968,765165,G4Alcatraz,360Video,ERP,6144x3072,10s,29.97fps,QP32,17993k,8bit,H265,,
#VIDEO,ENDS,20190701,135306010,775206,,,,,,,,,,,,
#VIDEO,STARTS,20190701,135309015,778211,G4Alcatraz,360Video,ERP,6144x3072,10s,29.97fps,QP32,17993k,8bit,H265,,
#VIDEO,ENDS,20190701,135319046,788242,,,,,,,,,,,,
#RATING,STARTS,20190701,135319284,788480,,,,,,,,,,,,
#RATING,ENDS,20190701,135321144,790340,4,1.8580156,G4Alcatraz,360Video,ERP,6144x3072,10s,29.97fps,QP32,17993k,8bit,H265
#VIDEO,STARTS,20190701,135321145,790341,G4Alcatraz,360Video,ERP,3600x1800,10s,29.97fps,QP42,1641k,8bit,H265,,
#VIDEO,ENDS,20190701,135331133,800330,,,,,,,,,,,,
#VIDEO,STARTS,20190701,135334137,803334,G4Alcatraz,360Video,ERP,3600x1800,10s,29.97fps,QP42,1641k,8bit,H265,,
#VIDEO,ENDS,20190701,135344157,813354,,,,,,,,,,,,
#RATING,STARTS,20190701,135344248,813445,,,,,,,,,,,,
#RATING,ENDS,20190701,135346421,815617,2,2.1714884,G4Alcatraz,360Video,ERP,3600x1800,10s,29.97fps,QP42,1641k,8bit,H265
#VIDEO,STARTS,20190701,135346422,815618,G4Alcatraz,360Video,ERP,4096x2048,10s,29.97fps,crf10,100813k,8bit,H265,,
#VIDEO,ENDS,20190701,135356420,825616,,,,,,,,,,,,
#VIDEO,STARTS,20190701,135359424,828620,G4Alcatraz,360Video,ERP,4096x2048,10s,29.97fps,crf10,100813k,8bit,H265,,
#VIDEO,ENDS,20190701,135409456,838653,,,,,,,,,,,,
#RATING,STARTS,20190701,135409559,838755,,,,,,,,,,,,
#RATING,ENDS,20190701,135411278,840474,5,1.718143,G4Alcatraz,360Video,ERP,4096x2048,10s,29.97fps,crf10,100813k,8bit,H265
#VIDEO,STARTS,20190701,135411288,840485,G2FormationPace,360Video,ERP,7680x3840,10s,29.97fps,QP32,7561k,8bit,H265,,
#VIDEO,ENDS,20190701,135421297,850493,,,,,,,,,,,,
#VIDEO,STARTS,20190701,135424302,853498,G2FormationPace,360Video,ERP,7680x3840,10s,29.97fps,QP32,7561k,8bit,H265,,
#VIDEO,ENDS,20190701,135434331,863528,,,,,,,,,,,,
#RATING,STARTS,20190701,135434693,863890,,,,,,,,,,,,
#RATING,ENDS,20190701,135436061,865258,4,1.3664562,G2FormationPace,360Video,ERP,7680x3840,10s,29.97fps,QP32,7561k,8bit,H265
#VIDEO,STARTS,20190701,135436533,865729,G2FormationPace,360Video,ERP,7680x3840,10s,29.97fps,QP27,15079k,8bit,H265,,
#VIDEO,ENDS,20190701,135446539,875735,,,,,,,,,,,,
#VIDEO,STARTS,20190701,135449544,878740,G2FormationPace,360Video,ERP,7680x3840,10s,29.97fps,QP27,15079k,8bit,H265,,
#VIDEO,ENDS,20190701,135459575,888771,,,,,,,,,,,,
#RATING,STARTS,20190701,135459927,889123,,,,,,,,,,,,
#RATING,ENDS,20190701,135501768,890964,4,1.839663,G2FormationPace,360Video,ERP,7680x3840,10s,29.97fps,QP27,15079k,8bit,H265
#VIDEO,STARTS,20190701,135501776,890972,G4Alcatraz,360Video,ERP,7680x3840,10s,29.97fps,QP32,24887k,8bit,H265,,
#VIDEO,ENDS,20190701,135511795,900991,,,,,,,,,,,,
#VIDEO,STARTS,20190701,135514798,903995,G4Alcatraz,360Video,ERP,7680x3840,10s,29.97fps,QP32,24887k,8bit,H265,,
#VIDEO,ENDS,20190701,135524820,914017,,,,,,,,,,,,
#RATING,STARTS,20190701,135525187,914384,,,,,,,,,,,,
#RATING,ENDS,20190701,135526995,916191,4,1.806404,G4Alcatraz,360Video,ERP,7680x3840,10s,29.97fps,QP32,24887k,8bit,H265
#VIDEO,STARTS,20190701,135526996,916192,G2FormationPace,360Video,ERP,2048x1024,10s,29.97fps,QP42,167k,8bit,H265,,
#VIDEO,ENDS,20190701,135536983,926180,,,,,,,,,,,,
#VIDEO,STARTS,20190701,135539988,929184,G2FormationPace,360Video,ERP,2048x1024,10s,29.97fps,QP42,167k,8bit,H265,,
#VIDEO,ENDS,20190701,135550029,939225,,,,,,,,,,,,
#RATING,STARTS,20190701,135550053,939250,,,,,,,,,,,,
#RATING,ENDS,20190701,135552663,941860,1,2.6089359,G2FormationPace,360Video,ERP,2048x1024,10s,29.97fps,QP42,167k,8bit,H265
#VIDEO,STARTS,20190701,135552664,941860,G4Alcatraz,360Video,ERP,2048x1024,10s,29.97fps,QP27,6386k,8bit,H265,,
#VIDEO,ENDS,20190701,135602697,951893,,,,,,,,,,,,
#VIDEO,STARTS,20190701,135605700,954897,G4Alcatraz,360Video,ERP,2048x1024,10s,29.97fps,QP27,6386k,8bit,H265,,
#VIDEO,ENDS,20190701,135615731,964927,,,,,,,,,,,,
#RATING,STARTS,20190701,135615754,964950,,,,,,,,,,,,
#RATING,ENDS,20190701,135618096,967292,3,2.3420824,G4Alcatraz,360Video,ERP,2048x1024,10s,29.97fps,QP27,6386k,8bit,H265
#VIDEO,STARTS,20190701,135618097,967293,G4Alcatraz,360Video,ERP,6144x3072,10s,29.97fps,QP37,9157k,8bit,H265,,
#VIDEO,ENDS,20190701,135628130,977326,,,,,,,,,,,,
#VIDEO,STARTS,20190701,135631134,980330,G4Alcatraz,360Video,ERP,6144x3072,10s,29.97fps,QP37,9157k,8bit,H265,,
#VIDEO,ENDS,20190701,135641164,990361,,,,,,,,,,,,
#RATING,STARTS,20190701,135641393,990590,,,,,,,,,,,,
#RATING,ENDS,20190701,135643073,992269,4,1.6794553,G4Alcatraz,360Video,ERP,6144x3072,10s,29.97fps,QP37,9157k,8bit,H265
#VIDEO,STARTS,20190701,135643781,992977,G2FormationPace,360Video,ERP,7680x3840,10s,29.97fps,crf10,120957k,8bit,H265,,
#VIDEO,ENDS,20190701,135653787,1002983,,,,,,,,,,,,
#VIDEO,STARTS,20190701,135656791,1005987,G2FormationPace,360Video,ERP,7680x3840,10s,29.97fps,crf10,120957k,8bit,H265,,
#VIDEO,ENDS,20190701,135706823,1016020,,,,,,,,,,,,
#RATING,STARTS,20190701,135707185,1016382,,,,,,,,,,,,
#RATING,ENDS,20190701,135709299,1018495,4,2.1139518,G2FormationPace,360Video,ERP,7680x3840,10s,29.97fps,crf10,120957k,8bit,H265
#VIDEO,STARTS,20190701,135709300,1018497,G4Alcatraz,360Video,ERP,2048x1024,10s,29.97fps,QP42,518k,8bit,H265,,
#VIDEO,ENDS,20190701,135719321,1028518,,,,,,,,,,,,
#VIDEO,STARTS,20190701,135722325,1031521,G4Alcatraz,360Video,ERP,2048x1024,10s,29.97fps,QP42,518k,8bit,H265,,
#VIDEO,ENDS,20190701,135732367,1041563,,,,,,,,,,,,
#RATING,STARTS,20190701,135732392,1041589,,,,,,,,,,,,
#RATING,ENDS,20190701,135733885,1043081,1,1.49296,G4Alcatraz,360Video,ERP,2048x1024,10s,29.97fps,QP42,518k,8bit,H265
#VIDEO,STARTS,20190701,135734337,1043534,G4Alcatraz,360Video,ERP,7680x3840,10s,29.97fps,QP27,47302k,8bit,H265,,
#VIDEO,ENDS,20190701,135744343,1053539,,,,,,,,,,,,
#VIDEO,STARTS,20190701,135747347,1056543,G4Alcatraz,360Video,ERP,7680x3840,10s,29.97fps,QP27,47302k,8bit,H265,,
#VIDEO,ENDS,20190701,135757389,1066586,,,,,,,,,,,,
#RATING,STARTS,20190701,135757751,1066947,,,,,,,,,,,,
#RATING,ENDS,20190701,135759698,1068894,5,1.9458068,G4Alcatraz,360Video,ERP,7680x3840,10s,29.97fps,QP27,47302k,8bit,H265
#VIDEO,STARTS,20190701,135759699,1068895,G2FormationPace,360Video,ERP,2048x1024,10s,29.97fps,QP22,3928k,8bit,H265,,
#VIDEO,ENDS,20190701,135809710,1078906,,,,,,,,,,,,
#VIDEO,STARTS,20190701,135812713,1081910,G2FormationPace,360Video,ERP,2048x1024,10s,29.97fps,QP22,3928k,8bit,H265,,
#VIDEO,ENDS,20190701,135822744,1091940,,,,,,,,,,,,
#RATING,STARTS,20190701,135822770,1091967,,,,,,,,,,,,
#RATING,ENDS,20190701,135825065,1094262,4,2.2944958,G2FormationPace,360Video,ERP,2048x1024,10s,29.97fps,QP22,3928k,8bit,H265
#VIDEO,STARTS,20190701,135825066,1094263,G2FormationPace,360Video,ERP,7680x3840,10s,29.97fps,QP37,3798k,8bit,H265,,
#VIDEO,ENDS,20190701,135835052,1104249,,,,,,,,,,,,
#VIDEO,STARTS,20190701,135838057,1107254,G2FormationPace,360Video,ERP,7680x3840,10s,29.97fps,QP37,3798k,8bit,H265,,
#VIDEO,ENDS,20190701,135848100,1117296,,,,,,,,,,,,
#RATING,STARTS,20190701,135848454,1117650,,,,,,,,,,,,
#RATING,ENDS,20190701,135851068,1120265,4,2.613423,G2FormationPace,360Video,ERP,7680x3840,10s,29.97fps,QP37,3798k,8bit,H265
#VIDEO,STARTS,20190701,135851069,1120266,G4Alcatraz,360Video,ERP,4096x2048,10s,29.97fps,QP27,19339k,8bit,H265,,
#VIDEO,ENDS,20190701,135901067,1130264,,,,,,,,,,,,
#VIDEO,STARTS,20190701,135904074,1133270,G4Alcatraz,360Video,ERP,4096x2048,10s,29.97fps,QP27,19339k,8bit,H265,,
#VIDEO,ENDS,20190701,135914092,1143289,,,,,,,,,,,,
#RATING,STARTS,20190701,135914200,1143396,,,,,,,,,,,,
#RATING,ENDS,20190701,135915826,1145022,4,1.6239071,G4Alcatraz,360Video,ERP,4096x2048,10s,29.97fps,QP27,19339k,8bit,H265
#VIDEO,STARTS,20190701,135915834,1145031,G2FormationPace,360Video,ERP,7680x3840,10s,29.97fps,QP42,1754k,8bit,H265,,
#VIDEO,ENDS,20190701,135925853,1155049,,,,,,,,,,,,
#VIDEO,STARTS,20190701,135928859,1158055,G2FormationPace,360Video,ERP,7680x3840,10s,29.97fps,QP42,1754k,8bit,H265,,
#VIDEO,ENDS,20190701,135938890,1168086,,,,,,,,,,,,
#RATING,STARTS,20190701,135939247,1168444,,,,,,,,,,,,
#RATING,ENDS,20190701,135940889,1170085,3,1.6417589,G2FormationPace,360Video,ERP,7680x3840,10s,29.97fps,QP42,1754k,8bit,H265
#VIDEO,STARTS,20190701,135940900,1170096,G2FormationPace,360Video,ERP,6144x3072,10s,29.97fps,crf10,88060k,8bit,H265,,
#VIDEO,ENDS,20190701,135950931,1180127,,,,,,,,,,,,
#VIDEO,STARTS,20190701,135953934,1183130,G2FormationPace,360Video,ERP,6144x3072,10s,29.97fps,crf10,88060k,8bit,H265,,
#VIDEO,ENDS,20190701,140003977,1193173,,,,,,,,,,,,
#RATING,STARTS,20190701,140004209,1193405,,,,,,,,,,,,
#RATING,ENDS,20190701,140007045,1196242,5,2.834638,G2FormationPace,360Video,ERP,6144x3072,10s,29.97fps,crf10,88060k,8bit,H265
#VIDEO,STARTS,20190701,140007047,1196243,G2FormationPace,360Video,ERP,4096x2048,10s,29.97fps,QP22,11921k,8bit,H265,,
#VIDEO,ENDS,20190701,140017057,1206253,,,,,,,,,,,,
#VIDEO,STARTS,20190701,140020062,1209258,G2FormationPace,360Video,ERP,4096x2048,10s,29.97fps,QP22,11921k,8bit,H265,,
#VIDEO,ENDS,20190701,140030081,1219277,,,,,,,,,,,,
#RATING,STARTS,20190701,140030185,1219382,,,,,,,,,,,,
#RATING,ENDS,20190701,140032691,1221887,4,2.5057676,G2FormationPace,360Video,ERP,4096x2048,10s,29.97fps,QP22,11921k,8bit,H265
#VIDEO,STARTS,20190701,140032692,1221888,G4Alcatraz,360Video,ERP,4096x2048,10s,29.97fps,QP37,4943k,8bit,H265,,
#VIDEO,ENDS,20190701,140042691,1231887,,,,,,,,,,,,
#VIDEO,STARTS,20190701,140045695,1234892,G4Alcatraz,360Video,ERP,4096x2048,10s,29.97fps,QP37,4943k,8bit,H265,,
#VIDEO,ENDS,20190701,140055737,1244934,,,,,,,,,,,,
#RATING,STARTS,20190701,140055841,1245037,,,,,,,,,,,,
#RATING,ENDS,20190701,140057902,1247099,3,2.0598639,G4Alcatraz,360Video,ERP,4096x2048,10s,29.97fps,QP37,4943k,8bit,H265
#VIDEO,STARTS,20190701,140057903,1247100,G4Alcatraz,360Video,ERP,6144x3072,10s,29.97fps,QP22,63626k,8bit,H265,,
#VIDEO,ENDS,20190701,140107935,1257131,,,,,,,,,,,,
#VIDEO,STARTS,20190701,140110939,1260136,G4Alcatraz,360Video,ERP,6144x3072,10s,29.97fps,QP22,63626k,8bit,H265,,
#VIDEO,ENDS,20190701,140120960,1270156,,,,,,,,,,,,
#RATING,STARTS,20190701,140121190,1270386,,,,,,,,,,,,
#RATING,ENDS,20190701,140123201,1272397,5,2.0107821,G4Alcatraz,360Video,ERP,6144x3072,10s,29.97fps,QP22,63626k,8bit,H265
#VIDEO,STARTS,20190701,140123203,1272399,G4Alcatraz,360Video,ERP,2048x1024,10s,29.97fps,QP37,1421k,8bit,H265,,
#VIDEO,ENDS,20190701,140133215,1282411,,,,,,,,,,,,
#VIDEO,STARTS,20190701,140136220,1285417,G4Alcatraz,360Video,ERP,2048x1024,10s,29.97fps,QP37,1421k,8bit,H265,,
#VIDEO,ENDS,20190701,140146249,1295445,,,,,,,,,,,,
#RATING,STARTS,20190701,140146273,1295470,,,,,,,,,,,,
#RATING,ENDS,20190701,140148390,1297587,1,2.1164009,G4Alcatraz,360Video,ERP,2048x1024,10s,29.97fps,QP37,1421k,8bit,H265
#VIDEO,STARTS,20190701,140148391,1297588,G4Alcatraz,360Video,ERP,4096x2048,10s,29.97fps,QP42,2081k,8bit,H265,,
#VIDEO,ENDS,20190701,140158400,1307597,,,,,,,,,,,,
#VIDEO,STARTS,20190701,140201404,1310600,G4Alcatraz,360Video,ERP,4096x2048,10s,29.97fps,QP42,2081k,8bit,H265,,
#VIDEO,ENDS,20190701,140211448,1320644,,,,,,,,,,,,
#RATING,STARTS,20190701,140211553,1320750,,,,,,,,,,,,
#RATING,ENDS,20190701,140213634,1322830,2,2.0807174,G4Alcatraz,360Video,ERP,4096x2048,10s,29.97fps,QP42,2081k,8bit,H265
#VIDEO,STARTS,20190701,140214530,1323726,G4Alcatraz,360Video,ERP,7680x3840,10s,29.97fps,crf10,226786k,8bit,H265,,
#VIDEO,ENDS,20190701,140224546,1333743,,,,,,,,,,,,
#VIDEO,STARTS,20190701,140227556,1336753,G4Alcatraz,360Video,ERP,7680x3840,10s,29.97fps,crf10,226786k,8bit,H265,,
#VIDEO,ENDS,20190701,140237573,1346770,,,,,,,,,,,,
#RATING,STARTS,20190701,140237951,1347147,,,,,,,,,,,,
#RATING,ENDS,20190701,140239731,1348928,4,1.7791495,G4Alcatraz,360Video,ERP,7680x3840,10s,29.97fps,crf10,226786k,8bit,H265
#VIDEO,STARTS,20190701,140239740,1348936,G4Alcatraz,360Video,ERP,7680x3840,10s,29.97fps,QP37,12663k,8bit,H265,,
#VIDEO,ENDS,20190701,140249760,1358956,,,,,,,,,,,,
#VIDEO,STARTS,20190701,140252764,1361960,G4Alcatraz,360Video,ERP,7680x3840,10s,29.97fps,QP37,12663k,8bit,H265,,
#VIDEO,ENDS,20190701,140302795,1371992,,,,,,,,,,,,
#RATING,STARTS,20190701,140303180,1372376,,,,,,,,,,,,
#RATING,ENDS,20190701,140304590,1373787,4,1.4101028,G4Alcatraz,360Video,ERP,7680x3840,10s,29.97fps,QP37,12663k,8bit,H265
#VIDEO,STARTS,20190701,140304592,1373789,G4Alcatraz,360Video,ERP,2048x1024,10s,29.97fps,crf10,31544k,8bit,H265,,
#VIDEO,ENDS,20190701,140314612,1383809,,,,,,,,,,,,
#VIDEO,STARTS,20190701,140317617,1386813,G4Alcatraz,360Video,ERP,2048x1024,10s,29.97fps,crf10,31544k,8bit,H265,,
#VIDEO,ENDS,20190701,140327647,1396844,,,,,,,,,,,,
#RATING,STARTS,20190701,140327671,1396868,,,,,,,,,,,,
#RATING,ENDS,20190701,140329779,1398976,3,2.1069847,G4Alcatraz,360Video,ERP,2048x1024,10s,29.97fps,crf10,31544k,8bit,H265
#VIDEO,STARTS,20190701,140329780,1398977,G2FormationPace,360Video,ERP,4096x2048,10s,29.97fps,crf10,48673k,8bit,H265,,
#VIDEO,ENDS,20190701,140339802,1408998,,,,,,,,,,,,
#VIDEO,STARTS,20190701,140342804,1412000,G2FormationPace,360Video,ERP,4096x2048,10s,29.97fps,crf10,48673k,8bit,H265,,
#VIDEO,ENDS,20190701,140352848,1422044,,,,,,,,,,,,
#RATING,STARTS,20190701,140352955,1422151,,,,,,,,,,,,
#RATING,ENDS,20190701,140355659,1424856,5,2.7027028,G2FormationPace,360Video,ERP,4096x2048,10s,29.97fps,crf10,48673k,8bit,H265
#VIDEO,STARTS,20190701,140355660,1424857,G2FormationPace,360Video,ERP,6144x3072,10s,29.97fps,QP37,2741k,8bit,H265,,
#VIDEO,ENDS,20190701,140405670,1434866,,,,,,,,,,,,
#VIDEO,STARTS,20190701,140408674,1437871,G2FormationPace,360Video,ERP,6144x3072,10s,29.97fps,QP37,2741k,8bit,H265,,
#VIDEO,ENDS,20190701,140418695,1447892,,,,,,,,,,,,
#RATING,STARTS,20190701,140418937,1448134,,,,,,,,,,,,
#RATING,ENDS,20190701,140420501,1449698,3,1.5643846,G2FormationPace,360Video,ERP,6144x3072,10s,29.97fps,QP37,2741k,8bit,H265
#VIDEO,STARTS,20190701,140420503,1449700,G4Alcatraz,360Video,ERP,2048x1024,10s,29.97fps,QP32,3200k,8bit,H265,,
#VIDEO,ENDS,20190701,140430534,1459730,,,,,,,,,,,,
#VIDEO,STARTS,20190701,140433539,1462736,G4Alcatraz,360Video,ERP,2048x1024,10s,29.97fps,QP32,3200k,8bit,H265,,
#VIDEO,ENDS,20190701,140443580,1472776,,,,,,,,,,,,
#RATING,STARTS,20190701,140443610,1472806,,,,,,,,,,,,
#RATING,ENDS,20190701,140444890,1474086,2,1.2791847,G4Alcatraz,360Video,ERP,2048x1024,10s,29.97fps,QP32,3200k,8bit,H265
#VIDEO,STARTS,20190701,140444900,1474096,G4Alcatraz,360Video,ERP,6144x3072,10s,29.97fps,QP27,34200k,8bit,H265,,
#VIDEO,ENDS,20190701,140454929,1484126,,,,,,,,,,,,
#VIDEO,STARTS,20190701,140457934,1487130,G4Alcatraz,360Video,ERP,6144x3072,10s,29.97fps,QP27,34200k,8bit,H265,,
#VIDEO,ENDS,20190701,140507975,1497171,,,,,,,,,,,,
#RATING,STARTS,20190701,140508210,1497406,,,,,,,,,,,,
#RATING,ENDS,20190701,140510486,1499682,5,2.2746294,G4Alcatraz,360Video,ERP,6144x3072,10s,29.97fps,QP27,34200k,8bit,H265
#VIDEO,STARTS,20190701,140510488,1499684,G4Alcatraz,360Video,ERP,3600x1800,10s,29.97fps,QP27,16033k,8bit,H265,,
#VIDEO,ENDS,20190701,140520520,1509716,,,,,,,,,,,,
#VIDEO,STARTS,20190701,140523523,1512720,G4Alcatraz,360Video,ERP,3600x1800,10s,29.97fps,QP27,16033k,8bit,H265,,
#VIDEO,ENDS,20190701,140533556,1522753,,,,,,,,,,,,
#RATING,STARTS,20190701,140533642,1522839,,,,,,,,,,,,
#RATING,ENDS,20190701,140536423,1525620,4,2.7800793,G4Alcatraz,360Video,ERP,3600x1800,10s,29.97fps,QP27,16033k,8bit,H265
#VIDEO,STARTS,20190701,140536424,1525621,G2FormationPace,360Video,ERP,3600x1800,10s,29.97fps,QP27,5028k,8bit,H265,,
#VIDEO,ENDS,20190701,140546412,1535609,,,,,,,,,,,,
#VIDEO,STARTS,20190701,140549415,1538612,G2FormationPace,360Video,ERP,3600x1800,10s,29.97fps,QP27,5028k,8bit,H265,,
#VIDEO,ENDS,20190701,140559457,1548653,,,,,,,,,,,,
#RATING,STARTS,20190701,140559542,1548739,,,,,,,,,,,,
#RATING,ENDS,20190701,140602135,1551331,4,2.5930884,G2FormationPace,360Video,ERP,3600x1800,10s,29.97fps,QP27,5028k,8bit,H265
#VIDEO,STARTS,20190701,140602137,1551334,G2FormationPace,360Video,ERP,6144x3072,10s,29.97fps,QP32,5506k,8bit,H265,,
#VIDEO,ENDS,20190701,140612124,1561320,,,,,,,,,,,,
#VIDEO,STARTS,20190701,140615128,1564325,G2FormationPace,360Video,ERP,6144x3072,10s,29.97fps,QP32,5506k,8bit,H265,,
#VIDEO,ENDS,20190701,140625170,1574367,,,,,,,,,,,,
#RATING,STARTS,20190701,140625404,1574601,,,,,,,,,,,,
#RATING,ENDS,20190701,140628575,1577772,4,3.1693647,G2FormationPace,360Video,ERP,6144x3072,10s,29.97fps,QP32,5506k,8bit,H265
#EXPERIMENT,ENDS,20190701,140629514,1578711,1529.656902,,,,,,,,,,,
#SUVERY,STARTS,20190701,140705338,33249,,,,,,,,,,,,
#SUVERY,ENDS,20190701,140802492,90403,,,,,,,,,,,,