#CALIBRATION,STARTS,20191014,150539746,21929,,,,,,,,,,,,
#CALIBRATION,ENDS,20191014,150548260,30443,successful,,,,,,,,,,,
#EXPERIMENT,START,20191014,150549709,31892,10/14/2019 3:05:49 PM,,,,,,,,,,,
#VIDEO,STARTS,20191014,150549711,31894,G4Alcatraz,360Video,ERP,3600x1800,10s,29.97fps,QP22,29210k,8bit,H265,,
#VIDEO,ENDS,20191014,150559742,41925,,,,,,,,,,,,
#RATING,STARTS,20191014,150559824,42006,,,,,,,,,,,,
#RATING,ENDS,20191014,150601151,43333,4,1.3224198,G4Alcatraz,360Video,ERP,3600x1800,10s,29.97fps,QP22,29210k,8bit,H265
#VIDEO,STARTS,20191014,150601153,43335,G4Alcatraz,360Video,ERP,6144x3072,10s,29.97fps,QP32,17993k,8bit,H265,,
#VIDEO,ENDS,20191014,150611180,53362,,,,,,,,,,,,
#RATING,STARTS,20191014,150611409,53592,,,,,,,,,,,,
#RATING,ENDS,20191014,150612909,55091,4,1.4991011,G4Alcatraz,360Video,ERP,6144x3072,10s,29.97fps,QP32,17993k,8bit,H265
#VIDEO,STARTS,20191014,150612911,55093,G4Alcatraz,360Video,ERP,2048x1024,10s,29.97fps,QP37,1421k,8bit,H265,,
#VIDEO,ENDS,20191014,150622942,65124,,,,,,,,,,,,
#RATING,STARTS,20191014,150622968,65150,,,,,,,,,,,,
#RATING,ENDS,20191014,150624291,66473,2,1.3230749,G4Alcatraz,360Video,ERP,2048x1024,10s,29.97fps,QP37,1421k,8bit,H265
#VIDEO,STARTS,20191014,150624292,66474,G4Alcatraz,360Video,ERP,4096x2048,10s,29.97fps,QP37,4943k,8bit,H265,,
#VIDEO,ENDS,20191014,150634325,76508,,,,,,,,,,,,
#RATING,STARTS,20191014,150634439,76622,,,,,,,,,,,,
#RATING,ENDS,20191014,150635629,77811,3,1.1886944,G4Alcatraz,360Video,ERP,4096x2048,10s,29.97fps,QP37,4943k,8bit,H265
#VIDEO,STARTS,20191014,150636256,78439,G4Alcatraz,360Video,ERP,7680x3840,10s,29.97fps,QP37,12663k,8bit,H265,,
#VIDEO,ENDS,20191014,150646275,88458,,,,,,,,,,,,
#RATING,STARTS,20191014,150646620,88802,,,,,,,,,,,,
#RATING,ENDS,20191014,150648093,90276,4,1.4734556,G4Alcatraz,360Video,ERP,7680x3840,10s,29.97fps,QP37,12663k,8bit,H265
#VIDEO,STARTS,20191014,150648094,90277,G2FormationPace,360Video,ERP,4096x2048,10s,29.97fps,crf10,48673k,8bit,H265,,
#VIDEO,ENDS,20191014,150658115,100298,,,,,,,,,,,,
#RATING,STARTS,20191014,150658214,100396,,,,,,,,,,,,
#RATING,ENDS,20191014,150700178,102360,4,1.9591442,G2FormationPace,360Video,ERP,4096x2048,10s,29.97fps,crf10,48673k,8bit,H265
#VIDEO,STARTS,20191014,150700180,102362,G2FormationPace,360Video,ERP,6144x3072,10s,29.97fps,crf10,88060k,8bit,H265,,
#VIDEO,ENDS,20191014,150710202,112385,,,,,,,,,,,,
#RATING,STARTS,20191014,150710421,112603,,,,,,,,,,,,
#RATING,ENDS,20191014,150711941,114123,3,1.5189586,G2FormationPace,360Video,ERP,6144x3072,10s,29.97fps,crf10,88060k,8bit,H265
#VIDEO,STARTS,20191014,150711943,114125,G4Alcatraz,360Video,ERP,6144x3072,10s,29.97fps,QP37,9157k,8bit,H265,,
#VIDEO,ENDS,20191014,150721963,124146,,,,,,,,,,,,
#RATING,STARTS,20191014,150722200,124383,,,,,,,,,,,,
#RATING,ENDS,20191014,150724206,126389,4,2.0049863,G4Alcatraz,360Video,ERP,6144x3072,10s,29.97fps,QP37,9157k,8bit,H265
#VIDEO,STARTS,20191014,150724207,126390,G2FormationPace,360Video,ERP,6144x3072,10s,29.97fps,QP27,10890k,8bit,H265,,
#VIDEO,ENDS,20191014,150734229,136412,,,,,,,,,,,,
#RATING,STARTS,20191014,150734451,136633,,,,,,,,,,,,
#RATING,ENDS,20191014,150736081,138264,3,1.6295866,G2FormationPace,360Video,ERP,6144x3072,10s,29.97fps,QP27,10890k,8bit,H265
#VIDEO,STARTS,20191014,150736609,138791,G4Alcatraz,360Video,ERP,7680x3840,10s,29.97fps,QP22,85273k,8bit,H265,,
#VIDEO,ENDS,20191014,150746626,148809,,,,,,,,,,,,
#RATING,STARTS,20191014,150746970,149153,,,,,,,,,,,,
#RATING,ENDS,20191014,150748165,150348,5,1.1946663,G4Alcatraz,360Video,ERP,7680x3840,10s,29.97fps,QP22,85273k,8bit,H265
#VIDEO,STARTS,20191014,150748660,150842,G2FormationPace,360Video,ERP,7680x3840,10s,29.97fps,QP42,1754k,8bit,H265,,
#VIDEO,ENDS,20191014,150758679,160861,,,,,,,,,,,,
#RATING,STARTS,20191014,150759040,161222,,,,,,,,,,,,
#RATING,ENDS,20191014,150800708,162891,3,1.6674956,G2FormationPace,360Video,ERP,7680x3840,10s,29.97fps,QP42,1754k,8bit,H265
#VIDEO,STARTS,20191014,150800710,162893,G4Alcatraz,360Video,ERP,2048x1024,10s,29.97fps,QP22,11608k,8bit,H265,,
#VIDEO,ENDS,20191014,150810734,172916,,,,,,,,,,,,
#RATING,STARTS,20191014,150810763,172945,,,,,,,,,,,,
#RATING,ENDS,20191014,150812080,174263,3,1.3158261,G4Alcatraz,360Video,ERP,2048x1024,10s,29.97fps,QP22,11608k,8bit,H265
#VIDEO,STARTS,20191014,150812081,174264,G2FormationPace,360Video,ERP,2048x1024,10s,29.97fps,QP37,412k,8bit,H265,,
#VIDEO,ENDS,20191014,150822101,184283,,,,,,,,,,,,
#RATING,STARTS,20191014,150822129,184311,,,,,,,,,,,,
#RATING,ENDS,20191014,150823841,186023,1,1.7120326,G2FormationPace,360Video,ERP,2048x1024,10s,29.97fps,QP37,412k,8bit,H265
#VIDEO,STARTS,20191014,150823843,186025,G4Alcatraz,360Video,ERP,6144x3072,10s,29.97fps,QP22,63626k,8bit,H265,,
#VIDEO,ENDS,20191014,150833874,196056,,,,,,,,,,,,
#RATING,STARTS,20191014,150834098,196281,,,,,,,,,,,,
#RATING,ENDS,20191014,150835538,197721,4,1.439444,G4Alcatraz,360Video,ERP,6144x3072,10s,29.97fps,QP22,63626k,8bit,H265
#VIDEO,STARTS,20191014,150835539,197722,G4Alcatraz,360Video,ERP,3600x1800,10s,29.97fps,QP32,8356k,8bit,H265,,
#VIDEO,ENDS,20191014,150845568,207751,,,,,,,,,,,,
#RATING,STARTS,20191014,150845658,207841,,,,,,,,,,,,
#RATING,ENDS,20191014,150846760,208943,3,1.1011873,G4Alcatraz,360Video,ERP,3600x1800,10s,29.97fps,QP32,8356k,8bit,H265
#VIDEO,STARTS,20191014,150847537,209719,G2FormationPace,360Video,ERP,7680x3840,10s,29.97fps,QP27,15079k,8bit,H265,,
#VIDEO,ENDS,20191014,150857555,219738,,,,,,,,,,,,
#RATING,STARTS,20191014,150857916,220099,,,,,,,,,,,,
#RATING,ENDS,20191014,150900289,222472,4,2.3718146,G2FormationPace,360Video,ERP,7680x3840,10s,29.97fps,QP27,15079k,8bit,H265
#VIDEO,STARTS,20191014,150900290,222473,G2FormationPace,360Video,ERP,6144x3072,10s,29.97fps,QP42,1228k,8bit,H265,,
#VIDEO,ENDS,20191014,150910322,232505,,,,,,,,,,,,
#RATING,STARTS,20191014,150910570,232752,,,,,,,,,,,,
#RATING,ENDS,20191014,150911827,234010,3,1.2562067,G2FormationPace,360Video,ERP,6144x3072,10s,29.97fps,QP42,1228k,8bit,H265
#VIDEO,STARTS,20191014,150911828,234011,G2FormationPace,360Video,ERP,4096x2048,10s,29.97fps,QP32,3042k,8bit,H265,,
#VIDEO,ENDS,20191014,150921860,244042,,,,,,,,,,,,
#RATING,STARTS,20191014,150921977,244160,,,,,,,,,,,,
#RATING,ENDS,20191014,150923142,245325,3,1.1649422,G2FormationPace,360Video,ERP,4096x2048,10s,29.97fps,QP32,3042k,8bit,H265
#VIDEO,STARTS,20191014,150923143,245326,G2FormationPace,360Video,ERP,3600x1800,10s,29.97fps,crf10,40026k,8bit,H265,,
#VIDEO,ENDS,20191014,150933167,255350,,,,,,,,,,,,
#RATING,STARTS,20191014,150933258,255441,,,,,,,,,,,,
#RATING,ENDS,20191014,150934243,256425,4,0.9849251,G2FormationPace,360Video,ERP,3600x1800,10s,29.97fps,crf10,40026k,8bit,H265
#VIDEO,STARTS,20191014,150935657,257840,G2FormationPace,360Video,ERP,7680x3840,10s,29.97fps,crf10,120957k,8bit,H265,,
#VIDEO,ENDS,20191014,150945686,267868,,,,,,,,,,,,
#RATING,STARTS,20191014,150946027,268210,,,,,,,,,,,,
#RATING,ENDS,20191014,150947202,269385,4,1.1746253,G2FormationPace,360Video,ERP,7680x3840,10s,29.97fps,crf10,120957k,8bit,H265
#VIDEO,STARTS,20191014,150949139,271322,G4Alcatraz,360Video,ERP,7680x3840,10s,29.97fps,crf10,226786k,8bit,H265,,
#VIDEO,ENDS,20191014,150959173,281356,,,,,,,,,,,,
#RATING,STARTS,20191014,150959524,281706,,,,,,,,,,,,
#RATING,ENDS,20191014,151000907,283090,5,1.3824557,G4Alcatraz,360Video,ERP,7680x3840,10s,29.97fps,crf10,226786k,8bit,H265
#VIDEO,STARTS,20191014,151000909,283092,G2FormationPace,360Video,ERP,3600x1800,10s,29.97fps,QP22,9834k,8bit,H265,,
#VIDEO,ENDS,20191014,151010943,293126,,,,,,,,,,,,
#RATING,STARTS,20191014,151011028,293211,,,,,,,,,,,,
#RATING,ENDS,20191014,151013094,295276,4,2.0644226,G2FormationPace,360Video,ERP,3600x1800,10s,29.97fps,QP22,9834k,8bit,H265
#VIDEO,STARTS,20191014,151013097,295279,G2FormationPace,360Video,ERP,6144x3072,10s,29.97fps,QP32,5506k,8bit,H265,,
#VIDEO,ENDS,20191014,151023127,305310,,,,,,,,,,,,
#RATING,STARTS,20191014,151023359,305542,,,,,,,,,,,,
#RATING,ENDS,20191014,151025001,307183,4,1.6409515,G2FormationPace,360Video,ERP,6144x3072,10s,29.97fps,QP32,5506k,8bit,H265
#VIDEO,STARTS,20191014,151025002,307184,G4Alcatraz,360Video,ERP,2048x1024,10s,29.97fps,crf10,31544k,8bit,H265,,
#VIDEO,ENDS,20191014,151035022,317205,,,,,,,,,,,,
#RATING,STARTS,20191014,151035052,317235,,,,,,,,,,,,
#RATING,ENDS,20191014,151036472,318655,3,1.4192184,G4Alcatraz,360Video,ERP,2048x1024,10s,29.97fps,crf10,31544k,8bit,H265
#VIDEO,STARTS,20191014,151036473,318656,G2FormationPace,360Video,ERP,3600x1800,10s,29.97fps,QP42,498k,8bit,H265,,
#VIDEO,ENDS,20191014,151046505,328687,,,,,,,,,,,,
#RATING,STARTS,20191014,151046589,328772,,,,,,,,,,,,
#RATING,ENDS,20191014,151047439,329622,1,0.8497021,G2FormationPace,360Video,ERP,3600x1800,10s,29.97fps,QP42,498k,8bit,H265
#VIDEO,STARTS,20191014,151047442,329625,G2FormationPace,360Video,ERP,3600x1800,10s,29.97fps,QP37,1181k,8bit,H265,,
#VIDEO,ENDS,20191014,151057474,339656,,,,,,,,,,,,
#RATING,STARTS,20191014,151057560,339742,,,,,,,,,,,,
#RATING,ENDS,20191014,151058891,341074,2,1.3296108,G2FormationPace,360Video,ERP,3600x1800,10s,29.97fps,QP37,1181k,8bit,H265
#VIDEO,STARTS,20191014,151059922,342104,G4Alcatraz,360Video,ERP,6144x3072,10s,29.97fps,crf10,184095k,8bit,H265,,
#VIDEO,ENDS,20191014,151109963,352146,,,,,,,,,,,,
#RATING,STARTS,20191014,151110188,352370,,,,,,,,,,,,
#RATING,ENDS,20191014,151112127,354309,4,1.9379241,G4Alcatraz,360Video,ERP,6144x3072,10s,29.97fps,crf10,184095k,8bit,H265
#VIDEO,STARTS,20191014,151112128,354310,G4Alcatraz,360Video,ERP,3600x1800,10s,29.97fps,QP37,4007k,8bit,H265,,
#VIDEO,ENDS,20191014,151122160,364343,,,,,,,,,,,,
#RATING,STARTS,20191014,151122247,364430,,,,,,,,,,,,
#RATING,ENDS,20191014,151123475,365658,3,1.2269388,G4Alcatraz,360Video,ERP,3600x1800,10s,29.97fps,QP37,4007k,8bit,H265
#VIDEO,STARTS,20191014,151124049,366231,G2FormationPace,360Video,ERP,7680x3840,10s,29.97fps,QP32,7561k,8bit,H265,,
#VIDEO,ENDS,20191014,151134057,376240,,,,,,,,,,,,
#RATING,STARTS,20191014,151134410,376593,,,,,,,,,,,,
#RATING,ENDS,20191014,151135505,377688,4,1.0945813,G2FormationPace,360Video,ERP,7680x3840,10s,29.97fps,QP32,7561k,8bit,H265
#VIDEO,STARTS,20191014,151135507,377690,G4Alcatraz,360Video,ERP,4096x2048,10s,29.97fps,QP22,35367k,8bit,H265,,
#VIDEO,ENDS,20191014,151145538,387721,,,,,,,,,,,,
#RATING,STARTS,20191014,151145643,387826,,,,,,,,,,,,
#RATING,ENDS,20191014,151148027,390210,4,2.3829714,G4Alcatraz,360Video,ERP,4096x2048,10s,29.97fps,QP22,35367k,8bit,H265
#VIDEO,STARTS,20191014,151148028,390211,G2FormationPace,360Video,ERP,3600x1800,10s,29.97fps,QP27,5028k,8bit,H265,,
#VIDEO,ENDS,20191014,151158037,400220,,,,,,,,,,,,
#RATING,STARTS,20191014,151158132,400315,,,,,,,,,,,,
#RATING,ENDS,20191014,151200067,402250,4,1.9349755,G2FormationPace,360Video,ERP,3600x1800,10s,29.97fps,QP27,5028k,8bit,H265
#VIDEO,STARTS,20191014,151200069,402252,G4Alcatraz,360Video,ERP,6144x3072,10s,29.97fps,QP42,4179k,8bit,H265,,
#VIDEO,ENDS,20191014,151210092,412274,,,,,,,,,,,,
#RATING,STARTS,20191014,151210346,412529,,,,,,,,,,,,
#RATING,ENDS,20191014,151211463,413646,4,1.1152078,G4Alcatraz,360Video,ERP,6144x3072,10s,29.97fps,QP42,4179k,8bit,H265
#VIDEO,STARTS,20191014,151212259,414441,G4Alcatraz,360Video,ERP,7680x3840,10s,29.97fps,QP32,24887k,8bit,H265,,
#VIDEO,ENDS,20191014,151222278,424461,,,,,,,,,,,,
#RATING,STARTS,20191014,151222646,424829,,,,,,,,,,,,
#RATING,ENDS,20191014,151227177,429360,4,4.529933,G4Alcatraz,360Video,ERP,7680x3840,10s,29.97fps,QP32,24887k,8bit,H265
#VIDEO,STARTS,20191014,151227179,429362,G2FormationPace,360Video,ERP,2048x1024,10s,29.97fps,crf10,15940k,8bit,H265,,
#VIDEO,ENDS,20191014,151237209,439392,,,,,,,,,,,,
#RATING,STARTS,20191014,151237241,439424,,,,,,,,,,,,
#RATING,ENDS,20191014,151238335,440518,3,1.093864,G2FormationPace,360Video,ERP,2048x1024,10s,29.97fps,crf10,15940k,8bit,H265
#VIDEO,STARTS,20191014,151238336,440519,G4Alcatraz,360Video,ERP,3600x1800,10s,29.97fps,QP27,16033k,8bit,H265,,
#VIDEO,ENDS,20191014,151248368,450551,,,,,,,,,,,,
#RATING,STARTS,20191014,151248460,450642,,,,,,,,,,,,
#RATING,ENDS,20191014,151250499,452681,4,2.0391526,G4Alcatraz,360Video,ERP,3600x1800,10s,29.97fps,QP27,16033k,8bit,H265
#VIDEO,STARTS,20191014,151250501,452683,G4Alcatraz,360Video,ERP,4096x2048,10s,29.97fps,crf10,100813k,8bit,H265,,
#VIDEO,ENDS,20191014,151300524,462707,,,,,,,,,,,,
#RATING,STARTS,20191014,151300627,462809,,,,,,,,,,,,
#RATING,ENDS,20191014,151302730,464913,4,2.1016671,G4Alcatraz,360Video,ERP,4096x2048,10s,29.97fps,crf10,100813k,8bit,H265
#VIDEO,STARTS,20191014,151302731,464914,G2FormationPace,360Video,ERP,4096x2048,10s,29.97fps,QP27,6091k,8bit,H265,,
#VIDEO,ENDS,20191014,151312763,474946,,,,,,,,,,,,
#RATING,STARTS,20191014,151312870,475052,,,,,,,,,,,,
#RATING,ENDS,20191014,151315107,477289,4,2.2359855,G2FormationPace,360Video,ERP,4096x2048,10s,29.97fps,QP27,6091k,8bit,H265
#VIDEO,STARTS,20191014,151315108,477290,G4Alcatraz,360Video,ERP,2048x1024,10s,29.97fps,QP27,6386k,8bit,H265,,
#VIDEO,ENDS,20191014,151325117,487300,,,,,,,,,,,,
#RATING,STARTS,20191014,151325145,487328,,,,,,,,,,,,
#RATING,ENDS,20191014,151325930,488112,3,0.7836095,G4Alcatraz,360Video,ERP,2048x1024,10s,29.97fps,QP27,6386k,8bit,H265
#VIDEO,STARTS,20191014,151325933,488115,G2FormationPace,360Video,ERP,2048x1024,10s,29.97fps,QP27,1950k,8bit,H265,,
#VIDEO,ENDS,20191014,151335951,498134,,,,,,,,,,,,
#RATING,STARTS,20191014,151335975,498158,,,,,,,,,,,,
#RATING,ENDS,20191014,151336877,499060,2,0.9011674,G2FormationPace,360Video,ERP,2048x1024,10s,29.97fps,QP27,1950k,8bit,H265
#VIDEO,STARTS,20191014,151336878,499061,G2FormationPace,360Video,ERP,4096x2048,10s,29.97fps,QP37,1454k,8bit,H265,,
#VIDEO,ENDS,20191014,151346897,509080,,,,,,,,,,,,
#RATING,STARTS,20191014,151346999,509182,,,,,,,,,,,,
#RATING,ENDS,20191014,151348058,510240,3,1.0576559,G2FormationPace,360Video,ERP,4096x2048,10s,29.97fps,QP37,1454k,8bit,H265
#VIDEO,STARTS,20191014,151348059,510241,G2FormationPace,360Video,ERP,2048x1024,10s,29.97fps,QP42,167k,8bit,H265,,
#VIDEO,ENDS,20191014,151358082,520265,,,,,,,,,,,,
#RATING,STARTS,20191014,151358106,520288,,,,,,,,,,,,
#RATING,ENDS,20191014,151358837,521020,1,0.7294156,G2FormationPace,360Video,ERP,2048x1024,10s,29.97fps,QP42,167k,8bit,H265
#VIDEO,STARTS,20191014,151359361,521544,G4Alcatraz,360Video,ERP,3600x1800,10s,29.97fps,crf10,82617k,8bit,H265,,
#VIDEO,ENDS,20191014,151409383,531566,,,,,,,,,,,,
#RATING,STARTS,20191014,151409472,531655,,,,,,,,,,,,
#RATING,ENDS,20191014,151411214,533397,4,1.740136,G4Alcatraz,360Video,ERP,3600x1800,10s,29.97fps,crf10,82617k,8bit,H265
#VIDEO,STARTS,20191014,151411216,533399,G2FormationPace,360Video,ERP,2048x1024,10s,29.97fps,QP32,921k,8bit,H265,,
#VIDEO,ENDS,20191014,151421246,543429,,,,,,,,,,,,
#RATING,STARTS,20191014,151421268,543451,,,,,,,,,,,,
#RATING,ENDS,20191014,151422317,544500,3,1.0487577,G2FormationPace,360Video,ERP,2048x1024,10s,29.97fps,QP32,921k,8bit,H265
#VIDEO,STARTS,20191014,151423215,545397,G4Alcatraz,360Video,ERP,7680x3840,10s,29.97fps,QP27,47302k,8bit,H265,,
#VIDEO,ENDS,20191014,151433241,555424,,,,,,,,,,,,
#RATING,STARTS,20191014,151433582,555765,,,,,,,,,,,,
#RATING,ENDS,20191014,151434524,556707,5,0.9419524,G4Alcatraz,360Video,ERP,7680x3840,10s,29.97fps,QP27,47302k,8bit,H265
#VIDEO,STARTS,20191014,151434525,556708,G4Alcatraz,360Video,ERP,3600x1800,10s,29.97fps,QP42,1641k,8bit,H265,,
#VIDEO,ENDS,20191014,151444546,566728,,,,,,,,,,,,
#RATING,STARTS,20191014,151444634,566816,,,,,,,,,,,,
#RATING,ENDS,20191014,151446164,568347,2,1.5278537,G4Alcatraz,360Video,ERP,3600x1800,10s,29.97fps,QP42,1641k,8bit,H265
#VIDEO,STARTS,20191014,151446444,568626,G4Alcatraz,360Video,ERP,7680x3840,10s,29.97fps,QP42,5943k,8bit,H265,,
#VIDEO,ENDS,20191014,151456463,578645,,,,,,,,,,,,
#RATING,STARTS,20191014,151456821,579004,,,,,,,,,,,,
#RATING,ENDS,20191014,151500639,582822,4,3.8177991,G4Alcatraz,360Video,ERP,7680x3840,10s,29.97fps,QP42,5943k,8bit,H265
#VIDEO,STARTS,20191014,151500641,582824,G4Alcatraz,360Video,ERP,2048x1024,10s,29.97fps,QP42,518k,8bit,H265,,
#VIDEO,ENDS,20191014,151510673,592855,,,,,,,,,,,,
#RATING,STARTS,20191014,151510700,592883,,,,,,,,,,,,
#RATING,ENDS,20191014,151511563,593746,1,0.8620404,G4Alcatraz,360Video,ERP,2048x1024,10s,29.97fps,QP42,518k,8bit,H265
#VIDEO,STARTS,20191014,151511564,593747,G2FormationPace,360Video,ERP,2048x1024,10s,29.97fps,QP22,3928k,8bit,H265,,
#VIDEO,ENDS,20191014,151521574,603757,,,,,,,,,,,,
#RATING,STARTS,20191014,151521598,603781,,,,,,,,,,,,
#RATING,ENDS,20191014,151526923,609106,4,5.3233269,G2FormationPace,360Video,ERP,2048x1024,10s,29.97fps,QP22,3928k,8bit,H265
#VIDEO,STARTS,20191014,151526924,609107,G4Alcatraz,360Video,ERP,6144x3072,10s,29.97fps,QP27,34200k,8bit,H265,,
#VIDEO,ENDS,20191014,151536932,619115,,,,,,,,,,,,
#RATING,STARTS,20191014,151537165,619347,,,,,,,,,,,,
#RATING,ENDS,20191014,151542270,624453,4,5.1041873,G4Alcatraz,360Video,ERP,6144x3072,10s,29.97fps,QP27,34200k,8bit,H265
#VIDEO,STARTS,20191014,151542271,624454,G2FormationPace,360Video,ERP,4096x2048,10s,29.97fps,QP22,11921k,8bit,H265,,
#VIDEO,ENDS,20191014,151552306,634488,,,,,,,,,,,,
#RATING,STARTS,20191014,151552403,634585,,,,,,,,,,,,
#RATING,ENDS,20191014,151557695,639878,4,5.2912046,G2FormationPace,360Video,ERP,4096x2048,10s,29.97fps,QP22,11921k,8bit,H265
#VIDEO,STARTS,20191014,151557696,639879,G2FormationPace,360Video,ERP,4096x2048,10s,29.97fps,QP42,616k,8bit,H265,,
#VIDEO,ENDS,20191014,151607728,649911,,,,,,,,,,,,
#RATING,STARTS,20191014,151607827,650009,,,,,,,,,,,,
#RATING,ENDS,20191014,151609435,651617,2,1.6081782,G2FormationPace,360Video,ERP,4096x2048,10s,29.97fps,QP42,616k,8bit,H265
#VIDEO,STARTS,20191014,151609437,651619,G2FormationPace,360Video,ERP,3600x1800,10s,29.97fps,QP32,2494k,8bit,H265,,
#VIDEO,ENDS,20191014,151619456,661639,,,,,,,,,,,,
#RATING,STARTS,20191014,151619529,661712,,,,,,,,,,,,
#RATING,ENDS,20191014,151621487,663670,4,1.9581649,G2FormationPace,360Video,ERP,3600x1800,10s,29.97fps,QP32,2494k,8bit,H265
#VIDEO,STARTS,20191014,151621493,663676,G2FormationPace,360Video,ERP,7680x3840,10s,29.97fps,QP22,30206k,8bit,H265,,
#VIDEO,ENDS,20191014,151631510,673693,,,,,,,,,,,,
#RATING,STARTS,20191014,151631860,674043,,,,,,,,,,,,
#RATING,ENDS,20191014,151632970,675152,5,1.1094731,G2FormationPace,360Video,ERP,7680x3840,10s,29.97fps,QP22,30206k,8bit,H265
#VIDEO,STARTS,20191014,151632971,675153,G4Alcatraz,360Video,ERP,2048x1024,10s,29.97fps,QP32,3200k,8bit,H265,,
#VIDEO,ENDS,20191014,151643002,685185,,,,,,,,,,,,
#RATING,STARTS,20191014,151643026,685209,,,,,,,,,,,,
#RATING,ENDS,20191014,151647490,689673,3,4.4626026,G4Alcatraz,360Video,ERP,2048x1024,10s,29.97fps,QP32,3200k,8bit,H265
#VIDEO,STARTS,20191014,151647491,689674,G4Alcatraz,360Video,ERP,4096x2048,10s,29.97fps,QP32,10134k,8bit,H265,,
#VIDEO,ENDS,20191014,151657513,699695,,,,,,,,,,,,
#RATING,STARTS,20191014,151657614,699797,,,,,,,,,,,,
#RATING,ENDS,20191014,151658809,700992,4,1.1939979,G4Alcatraz,360Video,ERP,4096x2048,10s,29.97fps,QP32,10134k,8bit,H265
#VIDEO,STARTS,20191014,151659322,701504,G2FormationPace,360Video,ERP,7680x3840,10s,29.97fps,QP37,3798k,8bit,H265,,
#VIDEO,ENDS,20191014,151709353,711536,,,,,,,,,,,,
#RATING,STARTS,20191014,151709716,711898,,,,,,,,,,,,
#RATING,ENDS,20191014,151711092,713275,4,1.3754082,G2FormationPace,360Video,ERP,7680x3840,10s,29.97fps,QP37,3798k,8bit,H265
#VIDEO,STARTS,20191014,151711093,713276,G4Alcatraz,360Video,ERP,4096x2048,10s,29.97fps,QP27,19339k,8bit,H265,,
#VIDEO,ENDS,20191014,151721103,723286,,,,,,,,,,,,
#RATING,STARTS,20191014,151721215,723397,,,,,,,,,,,,
#RATING,ENDS,20191014,151722352,724534,4,1.1361439,G4Alcatraz,360Video,ERP,4096x2048,10s,29.97fps,QP27,19339k,8bit,H265
#VIDEO,STARTS,20191014,151722791,724974,G2FormationPace,360Video,ERP,6144x3072,10s,29.97fps,QP22,21564k,8bit,H265,,
#VIDEO,ENDS,20191014,151732815,734998,,,,,,,,,,,,
#RATING,STARTS,20191014,151733047,735229,,,,,,,,,,,,
#RATING,ENDS,20191014,151734649,736832,4,1.6022595,G2FormationPace,360Video,ERP,6144x3072,10s,29.97fps,QP22,21564k,8bit,H265
#VIDEO,STARTS,20191014,151734650,736833,G4Alcatraz,360Video,ERP,4096x2048,10s,29.97fps,QP42,2081k,8bit,H265,,
#VIDEO,ENDS,20191014,151744683,746866,,,,,,,,,,,,
#RATING,STARTS,20191014,151744782,746965,,,,,,,,,,,,
#RATING,ENDS,20191014,151745652,747834,3,0.8697144,G4Alcatraz,360Video,ERP,4096x2048,10s,29.97fps,QP42,2081k,8bit,H265
#VIDEO,STARTS,20191014,151745969,748152,G2FormationPace,360Video,ERP,6144x3072,10s,29.97fps,QP37,2741k,8bit,H265,,
#VIDEO,ENDS,20191014,151755986,758169,,,,,,,,,,,,
#RATING,STARTS,20191014,151756216,758399,,,,,,,,,,,,
#RATING,ENDS,20191014,151757481,759663,3,1.2636016,G2FormationPace,360Video,ERP,6144x3072,10s,29.97fps,QP37,2741k,8bit,H265
#VIDEO,STARTS,20191014,151757482,759664,G9BloomingAppleOrchards,360Video,ERP,4096x2048,10s,29.97fps,QP22,10304k,8bit,H265,,
#VIDEO,ENDS,20191014,151807511,769694,,,,,,,,,,,,
#RATING,STARTS,20191014,151807615,769798,,,,,,,,,,,,
#RATING,ENDS,20191014,151809600,771783,4,1.9841138,G9BloomingAppleOrchards,360Video,ERP,4096x2048,10s,29.97fps,QP22,10304k,8bit,H265
#VIDEO,STARTS,20191014,151809601,771784,G9BloomingAppleOrchards,360Video,ERP,3600x1800,10s,29.97fps,QP37,1169k,8bit,H265,,
#VIDEO,ENDS,20191014,151819635,781818,,,,,,,,,,,,
#RATING,STARTS,20191014,151819725,781908,,,,,,,,,,,,
#RATING,ENDS,20191014,151820904,783086,3,1.1785179,G9BloomingAppleOrchards,360Video,ERP,3600x1800,10s,29.97fps,QP37,1169k,8bit,H265
#VIDEO,STARTS,20191014,151820905,783087,G9BloomingAppleOrchards,360Video,ERP,3600x1800,10s,29.97fps,crf10,56318k,8bit,H265,,
#VIDEO,ENDS,20191014,151830936,793119,,,,,,,,,,,,
#RATING,STARTS,20191014,151831022,793204,,,,,,,,,,,,
#RATING,ENDS,20191014,151834475,796658,4,3.4516453,G9BloomingAppleOrchards,360Video,ERP,3600x1800,10s,29.97fps,crf10,56318k,8bit,H265
#VIDEO,STARTS,20191014,151834477,796660,G10PandaBaseChengdu,360Video,ERP,7680x3840,10s,29.97fps,QP32,4958k,8bit,H265,,
#VIDEO,ENDS,20191014,151844497,806680,,,,,,,,,,,,
#RATING,STARTS,20191014,151844851,807034,,,,,,,,,,,,
#RATING,ENDS,20191014,151845688,807871,5,0.83694,G10PandaBaseChengdu,360Video,ERP,7680x3840,10s,29.97fps,QP32,4958k,8bit,H265
#VIDEO,STARTS,20191014,151846287,808470,G10PandaBaseChengdu,360Video,ERP,6144x3072,10s,29.97fps,QP22,22218k,8bit,H265,,
#VIDEO,ENDS,20191014,151856302,818484,,,,,,,,,,,,
#RATING,STARTS,20191014,151856532,818714,,,,,,,,,,,,
#RATING,ENDS,20191014,151857642,819824,5,1.1101455,G10PandaBaseChengdu,360Video,ERP,6144x3072,10s,29.97fps,QP22,22218k,8bit,H265
#VIDEO,STARTS,20191014,151857644,819826,G9BloomingAppleOrchards,360Video,ERP,2048x1024,10s,29.97fps,QP22,2209k,8bit,H265,,
#VIDEO,ENDS,20191014,151907665,829847,,,,,,,,,,,,
#RATING,STARTS,20191014,151907696,829878,,,,,,,,,,,,
#RATING,ENDS,20191014,151908567,830750,3,0.8711773,G9BloomingAppleOrchards,360Video,ERP,2048x1024,10s,29.97fps,QP22,2209k,8bit,H265
#VIDEO,STARTS,20191014,151908568,830751,G9BloomingAppleOrchards,360Video,ERP,3600x1800,10s,29.97fps,QP22,7695k,8bit,H265,,
#VIDEO,ENDS,20191014,151918602,840784,,,,,,,,,,,,
#RATING,STARTS,20191014,151918689,840871,,,,,,,,,,,,
#RATING,ENDS,20191014,151919914,842096,4,1.2246251,G9BloomingAppleOrchards,360Video,ERP,3600x1800,10s,29.97fps,QP22,7695k,8bit,H265
#VIDEO,STARTS,20191014,151919915,842097,G10PandaBaseChengdu,360Video,ERP,3600x1800,10s,29.97fps,QP37,650k,8bit,H265,,
#VIDEO,ENDS,20191014,151929936,852119,,,,,,,,,,,,
#RATING,STARTS,20191014,151930010,852193,,,,,,,,,,,,
#RATING,ENDS,20191014,151931051,853234,3,1.0401543,G10PandaBaseChengdu,360Video,ERP,3600x1800,10s,29.97fps,QP37,650k,8bit,H265
#VIDEO,STARTS,20191014,151931053,853236,G10PandaBaseChengdu,360Video,ERP,2048x1024,10s,29.97fps,crf10,20296k,8bit,H265,,
#VIDEO,ENDS,20191014,151941074,863257,,,,,,,,,,,,
#RATING,STARTS,20191014,151941101,863284,,,,,,,,,,,,
#RATING,ENDS,20191014,151942154,864336,4,1.0494818,G10PandaBaseChengdu,360Video,ERP,2048x1024,10s,29.97fps,crf10,20296k,8bit,H265
#VIDEO,STARTS,20191014,151943429,865611,G9BloomingAppleOrchards,360Video,ERP,6144x3072,10s,29.97fps,crf10,151287k,8bit,H265,,
#VIDEO,ENDS,20191014,151953451,875634,,,,,,,,,,,,
#RATING,STARTS,20191014,151953684,875866,,,,,,,,,,,,
#RATING,ENDS,20191014,151955367,877550,5,1.6825636,G9BloomingAppleOrchards,360Video,ERP,6144x3072,10s,29.97fps,crf10,151287k,8bit,H265
#VIDEO,STARTS,20191014,151955368,877551,G10PandaBaseChengdu,360Video,ERP,2048x1024,10s,29.97fps,QP37,242k,8bit,H265,,
#VIDEO,ENDS,20191014,152005401,887584,,,,,,,,,,,,
#RATING,STARTS,20191014,152005426,887609,,,,,,,,,,,,
#RATING,ENDS,20191014,152006471,888654,2,1.0440183,G10PandaBaseChengdu,360Video,ERP,2048x1024,10s,29.97fps,QP37,242k,8bit,H265
#VIDEO,STARTS,20191014,152006473,888656,G9BloomingAppleOrchards,360Video,ERP,3600x1800,10s,29.97fps,QP27,3858k,8bit,H265,,
#VIDEO,ENDS,20191014,152016492,898675,,,,,,,,,,,,
#RATING,STARTS,20191014,152016582,898765,,,,,,,,,,,,
#RATING,ENDS,20191014,152020075,902258,4,3.4908086,G9BloomingAppleOrchards,360Video,ERP,3600x1800,10s,29.97fps,QP27,3858k,8bit,H265
#VIDEO,STARTS,20191014,152020076,902259,G9BloomingAppleOrchards,360Video,ERP,7680x3840,10s,29.97fps,crf10,166036k,8bit,H265,,
#VIDEO,ENDS,20191014,152030095,912277,,,,,,,,,,,,
#RATING,STARTS,20191014,152030439,912622,,,,,,,,,,,,
#RATING,ENDS,20191014,152031163,913346,5,0.7240959,G9BloomingAppleOrchards,360Video,ERP,7680x3840,10s,29.97fps,crf10,166036k,8bit,H265
#VIDEO,STARTS,20191014,152032556,914739,G10PandaBaseChengdu,360Video,ERP,6144x3072,10s,29.97fps,crf10,130031k,8bit,H265,,
#VIDEO,ENDS,20191014,152042574,924756,,,,,,,,,,,,
#RATING,STARTS,20191014,152042799,924982,,,,,,,,,,,,
#RATING,ENDS,20191014,152050446,932629,4,7.6453561,G10PandaBaseChengdu,360Video,ERP,6144x3072,10s,29.97fps,crf10,130031k,8bit,H265
#VIDEO,STARTS,20191014,152050447,932630,G9BloomingAppleOrchards,360Video,ERP,2048x1024,10s,29.97fps,crf10,15842k,8bit,H265,,
#VIDEO,ENDS,20191014,152100457,942639,,,,,,,,,,,,
#RATING,STARTS,20191014,152100481,942663,,,,,,,,,,,,
#RATING,ENDS,20191014,152101259,943442,2,0.7776072,G9BloomingAppleOrchards,360Video,ERP,2048x1024,10s,29.97fps,crf10,15842k,8bit,H265
#VIDEO,STARTS,20191014,152101260,943443,G10PandaBaseChengdu,360Video,ERP,4096x2048,10s,29.97fps,QP32,1587k,8bit,H265,,
#VIDEO,ENDS,20191014,152111282,953464,,,,,,,,,,,,
#RATING,STARTS,20191014,152111386,953569,,,,,,,,,,,,
#RATING,ENDS,20191014,152112272,954454,3,0.8854408,G10PandaBaseChengdu,360Video,ERP,4096x2048,10s,29.97fps,QP32,1587k,8bit,H265
#VIDEO,STARTS,20191014,152112273,954455,G10PandaBaseChengdu,360Video,ERP,4096x2048,10s,29.97fps,QP37,782k,8bit,H265,,
#VIDEO,ENDS,20191014,152122304,964487,,,,,,,,,,,,
#RATING,STARTS,20191014,152122407,964590,,,,,,,,,,,,
#RATING,ENDS,20191014,152132310,974493,3,9.9027005,G10PandaBaseChengdu,360Video,ERP,4096x2048,10s,29.97fps,QP37,782k,8bit,H265
#VIDEO,STARTS,20191014,152132311,974494,G9BloomingAppleOrchards,360Video,ERP,2048x1024,10s,29.97fps,QP42,200k,8bit,H265,,
#VIDEO,ENDS,20191014,152142332,984515,,,,,,,,,,,,
#RATING,STARTS,20191014,152142356,984539,,,,,,,,,,,,
#RATING,ENDS,20191014,152143246,985429,1,0.8899788,G9BloomingAppleOrchards,360Video,ERP,2048x1024,10s,29.97fps,QP42,200k,8bit,H265
#VIDEO,STARTS,20191014,152143247,985430,G10PandaBaseChengdu,360Video,ERP,3600x1800,10s,29.97fps,QP22,8661k,8bit,H265,,
#VIDEO,ENDS,20191014,152153260,995442,,,,,,,,,,,,
#RATING,STARTS,20191014,152153336,995518,,,,,,,,,,,,
#RATING,ENDS,20191014,152154404,996587,4,1.0685476,G10PandaBaseChengdu,360Video,ERP,3600x1800,10s,29.97fps,QP22,8661k,8bit,H265
#VIDEO,STARTS,20191014,152154405,996588,G9BloomingAppleOrchards,360Video,ERP,4096x2048,10s,29.97fps,QP37,1437k,8bit,H265,,
#VIDEO,ENDS,20191014,152204436,1006618,,,,,,,,,,,,
#RATING,STARTS,20191014,152204538,1006721,,,,,,,,,,,,
#RATING,ENDS,20191014,152205820,1008003,3,1.282778,G9BloomingAppleOrchards,360Video,ERP,4096x2048,10s,29.97fps,QP37,1437k,8bit,H265
#VIDEO,STARTS,20191014,152205821,1008004,G10PandaBaseChengdu,360Video,ERP,4096x2048,10s,29.97fps,QP22,10859k,8bit,H265,,
#VIDEO,ENDS,20191014,152215841,1018024,,,,,,,,,,,,
#RATING,STARTS,20191014,152215947,1018130,,,,,,,,,,,,
#RATING,ENDS,20191014,152216845,1019027,4,0.8967898,G10PandaBaseChengdu,360Video,ERP,4096x2048,10s,29.97fps,QP22,10859k,8bit,H265
#VIDEO,STARTS,20191014,152216846,1019028,G9BloomingAppleOrchards,360Video,ERP,3600x1800,10s,29.97fps,QP32,2118k,8bit,H265,,
#VIDEO,ENDS,20191014,152226855,1029037,,,,,,,,,,,,
#RATING,STARTS,20191014,152226941,1029124,,,,,,,,,,,,
#RATING,ENDS,20191014,152227948,1030130,4,1.0053911,G9BloomingAppleOrchards,360Video,ERP,3600x1800,10s,29.97fps,QP32,2118k,8bit,H265
#VIDEO,STARTS,20191014,152229279,1031462,G9BloomingAppleOrchards,360Video,ERP,7680x3840,10s,29.97fps,QP22,43270k,8bit,H265,,
#VIDEO,ENDS,20191014,152239297,1041479,,,,,,,,,,,,
#RATING,STARTS,20191014,152239652,1041835,,,,,,,,,,,,
#RATING,ENDS,20191014,152240502,1042685,5,0.8499279,G9BloomingAppleOrchards,360Video,ERP,7680x3840,10s,29.97fps,QP22,43270k,8bit,H265
#VIDEO,STARTS,20191014,152240886,1043069,G10PandaBaseChengdu,360Video,ERP,4096x2048,10s,29.97fps,crf10,71459k,8bit,H265,,
#VIDEO,ENDS,20191014,152250892,1053074,,,,,,,,,,,,
#RATING,STARTS,20191014,152251001,1053183,,,,,,,,,,,,
#RATING,ENDS,20191014,152251774,1053956,4,0.7719346,G10PandaBaseChengdu,360Video,ERP,4096x2048,10s,29.97fps,crf10,71459k,8bit,H265
#VIDEO,STARTS,20191014,152252748,1054931,G10PandaBaseChengdu,360Video,ERP,7680x3840,10s,29.97fps,QP37,2127k,8bit,H265,,
#VIDEO,ENDS,20191014,152302766,1064949,,,,,,,,,,,,
#RATING,STARTS,20191014,152303125,1065308,,,,,,,,,,,,
#RATING,ENDS,20191014,152310673,1072856,4,7.547909,G10PandaBaseChengdu,360Video,ERP,7680x3840,10s,29.97fps,QP37,2127k,8bit,H265
#VIDEO,STARTS,20191014,152310675,1072858,G10PandaBaseChengdu,360Video,ERP,7680x3840,10s,29.97fps,crf10,136685k,8bit,H265,,
#VIDEO,ENDS,20191014,152320702,1082885,,,,,,,,,,,,
#RATING,STARTS,20191014,152321042,1083225,,,,,,,,,,,,
#RATING,ENDS,20191014,152324512,1086694,5,3.4695953,G10PandaBaseChengdu,360Video,ERP,7680x3840,10s,29.97fps,crf10,136685k,8bit,H265
#VIDEO,STARTS,20191014,152324514,1086696,G10PandaBaseChengdu,360Video,ERP,3600x1800,10s,29.97fps,crf10,57958k,8bit,H265,,
#VIDEO,ENDS,20191014,152334522,1096705,,,,,,,,,,,,
#RATING,STARTS,20191014,152334606,1096789,,,,,,,,,,,,
#RATING,ENDS,20191014,152335681,1097864,4,1.0743789,G10PandaBaseChengdu,360Video,ERP,3600x1800,10s,29.97fps,crf10,57958k,8bit,H265
#VIDEO,STARTS,20191014,152335682,1097865,G10PandaBaseChengdu,360Video,ERP,3600x1800,10s,29.97fps,QP42,335k,8bit,H265,,
#VIDEO,ENDS,20191014,152345703,1107886,,,,,,,,,,,,
#RATING,STARTS,20191014,152345776,1107958,,,,,,,,,,,,
#RATING,ENDS,20191014,152346584,1108766,2,0.8071243,G10PandaBaseChengdu,360Video,ERP,3600x1800,10s,29.97fps,QP42,335k,8bit,H265
#VIDEO,STARTS,20191014,152346585,1108767,G9BloomingAppleOrchards,360Video,ERP,3600x1800,10s,29.97fps,QP42,588k,8bit,H265,,
#VIDEO,ENDS,20191014,152356605,1118788,,,,,,,,,,,,
#RATING,STARTS,20191014,152356685,1118867,,,,,,,,,,,,
#RATING,ENDS,20191014,152357496,1119679,2,0.8102449,G9BloomingAppleOrchards,360Video,ERP,3600x1800,10s,29.97fps,QP42,588k,8bit,H265
#VIDEO,STARTS,20191014,152357497,1119679,G10PandaBaseChengdu,360Video,ERP,2048x1024,10s,29.97fps,QP32,478k,8bit,H265,,
#VIDEO,ENDS,20191014,152407507,1129690,,,,,,,,,,,,
#RATING,STARTS,20191014,152407532,1129715,,,,,,,,,,,,
#RATING,ENDS,20191014,152408484,1130667,3,0.9519821,G10PandaBaseChengdu,360Video,ERP,2048x1024,10s,29.97fps,QP32,478k,8bit,H265
#VIDEO,STARTS,20191014,152409216,1131399,G10PandaBaseChengdu,360Video,ERP,7680x3840,10s,29.97fps,QP42,1084k,8bit,H265,,
#VIDEO,ENDS,20191014,152419257,1141440,,,,,,,,,,,,
#RATING,STARTS,20191014,152419609,1141792,,,,,,,,,,,,
#RATING,ENDS,20191014,152420529,1142712,4,0.9194899,G10PandaBaseChengdu,360Video,ERP,7680x3840,10s,29.97fps,QP42,1084k,8bit,H265
#VIDEO,STARTS,20191014,152420790,1142973,G9BloomingAppleOrchards,360Video,ERP,6144x3072,10s,29.97fps,QP37,2635k,8bit,H265,,
#VIDEO,ENDS,20191014,152430807,1152990,,,,,,,,,,,,
#RATING,STARTS,20191014,152431031,1153214,,,,,,,,,,,,
#RATING,ENDS,20191014,152431627,1153810,4,0.5950767,G9BloomingAppleOrchards,360Video,ERP,6144x3072,10s,29.97fps,QP37,2635k,8bit,H265
#VIDEO,STARTS,20191014,152431628,1153811,G9BloomingAppleOrchards,360Video,ERP,2048x1024,10s,29.97fps,QP27,1270k,8bit,H265,,
#VIDEO,ENDS,20191014,152441641,1163824,,,,,,,,,,,,
#RATING,STARTS,20191014,152441667,1163849,,,,,,,,,,,,
#RATING,ENDS,20191014,152442577,1164760,3,0.9105777,G9BloomingAppleOrchards,360Video,ERP,2048x1024,10s,29.97fps,QP27,1270k,8bit,H265
#VIDEO,STARTS,20191014,152442579,1164762,G9BloomingAppleOrchards,360Video,ERP,2048x1024,10s,29.97fps,QP37,408k,8bit,H265,,
#VIDEO,ENDS,20191014,152452622,1174805,,,,,,,,,,,,
#RATING,STARTS,20191014,152452646,1174829,,,,,,,,,,,,
#RATING,ENDS,20191014,152453357,1175540,1,0.709975,G9BloomingAppleOrchards,360Video,ERP,2048x1024,10s,29.97fps,QP37,408k,8bit,H265
#VIDEO,STARTS,20191014,152453358,1175541,G9BloomingAppleOrchards,360Video,ERP,4096x2048,10s,29.97fps,QP32,2621k,8bit,H265,,
#VIDEO,ENDS,20191014,152503370,1185552,,,,,,,,,,,,
#RATING,STARTS,20191014,152503484,1185667,,,,,,,,,,,,
#RATING,ENDS,20191014,152514076,1196259,4,10.5920954,G9BloomingAppleOrchards,360Video,ERP,4096x2048,10s,29.97fps,QP32,2621k,8bit,H265
#VIDEO,STARTS,20191014,152514078,1196261,G9BloomingAppleOrchards,360Video,ERP,4096x2048,10s,29.97fps,crf10,73361k,8bit,H265,,
#VIDEO,ENDS,20191014,152524096,1206279,,,,,,,,,,,,
#RATING,STARTS,20191014,152524208,1206391,,,,,,,,,,,,
#RATING,ENDS,20191014,152524852,1207035,5,0.6431742,G9BloomingAppleOrchards,360Video,ERP,4096x2048,10s,29.97fps,crf10,73361k,8bit,H265
#VIDEO,STARTS,20191014,152525363,1207546,G10PandaBaseChengdu,360Video,ERP,6144x3072,10s,29.97fps,QP32,3199k,8bit,H265,,
#VIDEO,ENDS,20191014,152535391,1217574,,,,,,,,,,,,
#RATING,STARTS,20191014,152535624,1217807,,,,,,,,,,,,
#RATING,ENDS,20191014,152536458,1218641,4,0.834164,G10PandaBaseChengdu,360Video,ERP,6144x3072,10s,29.97fps,QP32,3199k,8bit,H265
#VIDEO,STARTS,20191014,152536459,1218642,G9BloomingAppleOrchards,360Video,ERP,4096x2048,10s,29.97fps,QP27,4925k,8bit,H265,,
#VIDEO,ENDS,20191014,152546472,1228654,,,,,,,,,,,,
#RATING,STARTS,20191014,152546577,1228760,,,,,,,,,,,,
#RATING,ENDS,20191014,152559572,1241755,4,12.9949138,G9BloomingAppleOrchards,360Video,ERP,4096x2048,10s,29.97fps,QP27,4925k,8bit,H265
#VIDEO,STARTS,20191014,152559573,1241756,G10PandaBaseChengdu,360Video,ERP,2048x1024,10s,29.97fps,QP42,118k,8bit,H265,,
#VIDEO,ENDS,20191014,152609582,1251765,,,,,,,,,,,,
#RATING,STARTS,20191014,152609606,1251788,,,,,,,,,,,,
#RATING,ENDS,20191014,152612965,1255147,2,3.3568358,G10PandaBaseChengdu,360Video,ERP,2048x1024,10s,29.97fps,QP42,118k,8bit,H265
#VIDEO,STARTS,20191014,152612968,1255150,G10PandaBaseChengdu,360Video,ERP,6144x3072,10s,29.97fps,QP37,1481k,8bit,H265,,
#VIDEO,ENDS,20191014,152622988,1265171,,,,,,,,,,,,
#RATING,STARTS,20191014,152623223,1265406,,,,,,,,,,,,
#RATING,ENDS,20191014,152624279,1266462,4,1.055722,G10PandaBaseChengdu,360Video,ERP,6144x3072,10s,29.97fps,QP37,1481k,8bit,H265
#VIDEO,STARTS,20191014,152624595,1266778,G9BloomingAppleOrchards,360Video,ERP,6144x3072,10s,29.97fps,QP27,10684k,8bit,H265,,
#VIDEO,ENDS,20191014,152634616,1276798,,,,,,,,,,,,
#RATING,STARTS,20191014,152634850,1277033,,,,,,,,,,,,
#RATING,ENDS,20191014,152643938,1286120,4,9.0868749,G9BloomingAppleOrchards,360Video,ERP,6144x3072,10s,29.97fps,QP27,10684k,8bit,H265
#VIDEO,STARTS,20191014,152643939,1286121,G10PandaBaseChengdu,360Video,ERP,4096x2048,10s,29.97fps,QP27,3988k,8bit,H265,,
#VIDEO,ENDS,20191014,152653972,1296155,,,,,,,,,,,,
#RATING,STARTS,20191014,152654073,1296256,,,,,,,,,,,,
#RATING,ENDS,20191014,152655164,1297347,4,1.0900723,G10PandaBaseChengdu,360Video,ERP,4096x2048,10s,29.97fps,QP27,3988k,8bit,H265
#VIDEO,STARTS,20191014,152655166,1297349,G10PandaBaseChengdu,360Video,ERP,3600x1800,10s,29.97fps,QP32,1289k,8bit,H265,,
#VIDEO,ENDS,20191014,152705186,1307369,,,,,,,,,,,,
#RATING,STARTS,20191014,152705270,1307453,,,,,,,,,,,,
#RATING,ENDS,20191014,152707752,1309935,4,2.4817849,G10PandaBaseChengdu,360Video,ERP,3600x1800,10s,29.97fps,QP32,1289k,8bit,H265
#VIDEO,STARTS,20191014,152707755,1309938,G9BloomingAppleOrchards,360Video,ERP,6144x3072,10s,29.97fps,QP22,25602k,8bit,H265,,
#VIDEO,ENDS,20191014,152717762,1319945,,,,,,,,,,,,
#RATING,STARTS,20191014,152717988,1320170,,,,,,,,,,,,
#RATING,ENDS,20191014,152719011,1321194,4,1.0223143,G9BloomingAppleOrchards,360Video,ERP,6144x3072,10s,29.97fps,QP22,25602k,8bit,H265
#VIDEO,STARTS,20191014,152719642,1321825,G9BloomingAppleOrchards,360Video,ERP,7680x3840,10s,29.97fps,QP42,1964k,8bit,H265,,
#VIDEO,ENDS,20191014,152729682,1331864,,,,,,,,,,,,
#RATING,STARTS,20191014,152730038,1332220,,,,,,,,,,,,
#RATING,ENDS,20191014,152730785,1332968,3,0.7455245,G9BloomingAppleOrchards,360Video,ERP,7680x3840,10s,29.97fps,QP42,1964k,8bit,H265
#VIDEO,STARTS,20191014,152731179,1333361,G10PandaBaseChengdu,360Video,ERP,6144x3072,10s,29.97fps,QP42,764k,8bit,H265,,
#VIDEO,ENDS,20191014,152741197,1343380,,,,,,,,,,,,
#RATING,STARTS,20191014,152741427,1343610,,,,,,,,,,,,
#RATING,ENDS,20191014,152742178,1344361,3,0.7500776,G10PandaBaseChengdu,360Video,ERP,6144x3072,10s,29.97fps,QP42,764k,8bit,H265
#VIDEO,STARTS,20191014,152742180,1344363,G9BloomingAppleOrchards,360Video,ERP,2048x1024,10s,29.97fps,QP32,739k,8bit,H265,,
#VIDEO,ENDS,20191014,152752212,1354395,,,,,,,,,,,,
#RATING,STARTS,20191014,152752241,1354424,,,,,,,,,,,,
#RATING,ENDS,20191014,152753215,1355398,2,0.972416,G9BloomingAppleOrchards,360Video,ERP,2048x1024,10s,29.97fps,QP32,739k,8bit,H265
#VIDEO,STARTS,20191014,152754099,1356282,G9BloomingAppleOrchards,360Video,ERP,7680x3840,10s,29.97fps,QP32,7728k,8bit,H265,,
#VIDEO,ENDS,20191014,152804129,1366312,,,,,,,,,,,,
#RATING,STARTS,20191014,152804475,1366658,,,,,,,,,,,,
#RATING,ENDS,20191014,152809422,1371605,5,4.9459937,G9BloomingAppleOrchards,360Video,ERP,7680x3840,10s,29.97fps,QP32,7728k,8bit,H265
#VIDEO,STARTS,20191014,152809424,1371607,G9BloomingAppleOrchards,360Video,ERP,7680x3840,10s,29.97fps,QP27,19085k,8bit,H265,,
#VIDEO,ENDS,20191014,152819444,1381626,,,,,,,,,,,,
#RATING,STARTS,20191014,152819793,1381976,,,,,,,,,,,,
#RATING,ENDS,20191014,152824545,1386727,4,4.7508171,G9BloomingAppleOrchards,360Video,ERP,7680x3840,10s,29.97fps,QP27,19085k,8bit,H265
#VIDEO,STARTS,20191014,152824546,1386728,G10PandaBaseChengdu,360Video,ERP,2048x1024,10s,29.97fps,QP27,1081k,8bit,H265,,
#VIDEO,ENDS,20191014,152834567,1396750,,,,,,,,,,,,
#RATING,STARTS,20191014,152834589,1396772,,,,,,,,,,,,
#RATING,ENDS,20191014,152835706,1397889,3,1.1165677,G10PandaBaseChengdu,360Video,ERP,2048x1024,10s,29.97fps,QP27,1081k,8bit,H265
#VIDEO,STARTS,20191014,152835742,1397925,G9BloomingAppleOrchards,360Video,ERP,6144x3072,10s,29.97fps,QP42,1404k,8bit,H265,,
#VIDEO,ENDS,20191014,152845770,1407953,,,,,,,,,,,,
#RATING,STARTS,20191014,152846016,1408198,,,,,,,,,,,,
#RATING,ENDS,20191014,152846646,1408829,3,0.6293181,G9BloomingAppleOrchards,360Video,ERP,6144x3072,10s,29.97fps,QP42,1404k,8bit,H265
#VIDEO,STARTS,20191014,152847335,1409518,G10PandaBaseChengdu,360Video,ERP,6144x3072,10s,29.97fps,QP27,8439k,8bit,H265,,
#VIDEO,ENDS,20191014,152857354,1419536,,,,,,,,,,,,
#RATING,STARTS,20191014,152857589,1419771,,,,,,,,,,,,
#RATING,ENDS,20191014,152858251,1420434,4,0.6612108,G10PandaBaseChengdu,360Video,ERP,6144x3072,10s,29.97fps,QP27,8439k,8bit,H265
#VIDEO,STARTS,20191014,152858253,1420436,G10PandaBaseChengdu,360Video,ERP,3600x1800,10s,29.97fps,QP27,3192k,8bit,H265,,
#VIDEO,ENDS,20191014,152908278,1430461,,,,,,,,,,,,
#RATING,STARTS,20191014,152908361,1430544,,,,,,,,,,,,
#RATING,ENDS,20191014,152909470,1431652,4,1.1074496,G10PandaBaseChengdu,360Video,ERP,3600x1800,10s,29.97fps,QP27,3192k,8bit,H265
#VIDEO,STARTS,20191014,152909472,1431654,G10PandaBaseChengdu,360Video,ERP,4096x2048,10s,29.97fps,QP42,400k,8bit,H265,,
#VIDEO,ENDS,20191014,152919492,1441675,,,,,,,,,,,,
#RATING,STARTS,20191014,152919595,1441777,,,,,,,,,,,,
#RATING,ENDS,20191014,152920291,1442473,3,0.6959306,G10PandaBaseChengdu,360Video,ERP,4096x2048,10s,29.97fps,QP42,400k,8bit,H265
#VIDEO,STARTS,20191014,152921301,1443484,G9BloomingAppleOrchards,360Video,ERP,7680x3840,10s,29.97fps,QP37,3735k,8bit,H265,,
#VIDEO,ENDS,20191014,152931320,1453502,,,,,,,,,,,,
#RATING,STARTS,20191014,152931686,1453869,,,,,,,,,,,,
#RATING,ENDS,20191014,152933329,1455512,4,1.6416877,G9BloomingAppleOrchards,360Video,ERP,7680x3840,10s,29.97fps,QP37,3735k,8bit,H265
#VIDEO,STARTS,20191014,152933330,1455513,G9BloomingAppleOrchards,360Video,ERP,6144x3072,10s,29.97fps,QP32,4971k,8bit,H265,,
#VIDEO,ENDS,20191014,152943351,1465534,,,,,,,,,,,,
#RATING,STARTS,20191014,152943576,1465759,,,,,,,,,,,,
#RATING,ENDS,20191014,152950497,1472680,4,6.9208763,G9BloomingAppleOrchards,360Video,ERP,6144x3072,10s,29.97fps,QP32,4971k,8bit,H265
#VIDEO,STARTS,20191014,152950499,1472682,G10PandaBaseChengdu,360Video,ERP,7680x3840,10s,29.97fps,QP27,12449k,8bit,H265,,
#VIDEO,ENDS,20191014,153000521,1482703,,,,,,,,,,,,
#RATING,STARTS,20191014,153000879,1483062,,,,,,,,,,,,
#RATING,ENDS,20191014,153001913,1484095,4,1.0336583,G10PandaBaseChengdu,360Video,ERP,7680x3840,10s,29.97fps,QP27,12449k,8bit,H265
#VIDEO,STARTS,20191014,153001914,1484096,G10PandaBaseChengdu,360Video,ERP,2048x1024,10s,29.97fps,QP22,2760k,8bit,H265,,
#VIDEO,ENDS,20191014,153011936,1494119,,,,,,,,,,,,
#RATING,STARTS,20191014,153011959,1494142,,,,,,,,,,,,
#RATING,ENDS,20191014,153025392,1507575,4,13.4329391,G10PandaBaseChengdu,360Video,ERP,2048x1024,10s,29.97fps,QP22,2760k,8bit,H265
#VIDEO,STARTS,20191014,153025393,1507576,G9BloomingAppleOrchards,360Video,ERP,4096x2048,10s,29.97fps,QP42,732k,8bit,H265,,
#VIDEO,ENDS,20191014,153035425,1517608,,,,,,,,,,,,
#RATING,STARTS,20191014,153035529,1517712,,,,,,,,,,,,
#RATING,ENDS,20191014,153036562,1518745,2,1.0311799,G9BloomingAppleOrchards,360Video,ERP,4096x2048,10s,29.97fps,QP42,732k,8bit,H265
#VIDEO,STARTS,20191014,153037551,1519733,G10PandaBaseChengdu,360Video,ERP,7680x3840,10s,29.97fps,QP22,27192k,8bit,H265,,
#VIDEO,ENDS,20191014,153047589,1529772,,,,,,,,,,,,
#RATING,STARTS,20191014,153047935,1530118,,,,,,,,,,,,
#RATING,ENDS,20191014,153052490,1534672,4,4.5536381,G10PandaBaseChengdu,360Video,ERP,7680x3840,10s,29.97fps,QP22,27192k,8bit,H265
#EXPERIMENT,ENDS,20191014,153053476,1535658,1503.765925,,,,,,,,,,,
#SUVERY,STARTS,20191014,153131168,33689,,,,,,,,,,,,
#SUVERY,ENDS,20191014,153139388,41909,,,,,,,,,,,,